filename,img_datetime,timestamp_sec,drone_lat,drone_lon,alt_m,roll_deg,pitch_deg,yaw_deg,px_cx_roi,px_cy_roi,px_cx_full,px_cy_full,plume_lat,plume_lon,v_north_mps,v_east_mps,speed_mps
G0010740.JPG,2024:03:25 16:05:01.5030,1711362901.503,15.67895919997222,85.86674529999999,147.059,-3.17,20.33,217.92,243,170,1993,2790,15.678579828195296,85.86642675669894,,,
G0010741.JPG,2024:03:25 16:05:02.  30,1711362902.003,15.678958899972221,85.86674509999999,147.015,-3.17,20.33,217.92,258,166,2008,2786,15.678584978661785,85.86641658380371,1.14454696408675,-2.1765290689983563,2.459119057954504
G0010742.JPG,2024:03:25 16:05:02.5040,1711362902.504,15.678958699999999,85.86674469997222,147.004,-3.17,20.33,217.92,249,166,1999,2786,15.678580778368504,85.86642157866711,-0.9315346392871953,1.06653682744146,1.4160711805840904
G0010743.JPG,2024:03:25 16:05:03.  40,1711362903.004,15.6789582,85.86674449997221,146.937,-3.17,20.33,217.92,250,174,2000,2794,15.678583645556914,85.86642316863367,0.6371523429024322,0.34017930569992577,0.7222776945832828
G0010744.JPG,2024:03:25 16:05:03.5050,1711362903.505,15.678958099972222,85.86674399997221,146.908,-3.17,20.33,217.92,258,143,2008,2763,15.678576533487625,85.86640925219491,-1.57730313181445,-2.971530227597572,3.364205264718214
G0010745.JPG,2024:03:25 16:05:04.  50,1711362904.005,15.678957699972221,85.86674359999999,146.889,-3.17,20.33,217.92,257,147,2007,2767,15.678577114335633,85.86641062076069,0.1290772060146459,0.2928097860915499,0.3199976499031306
G0010746.JPG,2024:03:25 16:05:04.5060,1711362904.506,15.678957299999999,85.86674339999999,146.844,-3.17,20.33,217.92,239,144,1989,2764,15.678567736098417,85.86642043191858,-2.0798911498432586,2.0949445273456186,2.9520738079952658
G0010747.JPG,2024:03:25 16:05:05.  60,1711362905.006,15.678956899972222,85.86674319999999,146.816,-3.17,20.33,217.92,246,161,1996,2781,15.678576402023882,85.86642088040065,1.925759288732845,0.09595442477268594,1.9281483578226781
G0010748.JPG,2024:03:25 16:05:05.5070,1711362905.507,15.678956599972222,85.86674319999999,146.803,-3.17,20.33,217.92,238,158,1988,2778,15.67857152757646,85.86642483762233,-1.0810475166185463,0.8449726246983548,1.372094191255379
G0010749.JPG,2024:03:25 16:05:06.  70,1711362906.007,15.678956499972221,85.86674319999999,146.77,-3.17,20.33,217.92,253,167,2003,2787,15.678581310374513,85.86641849035841,2.1739529488285854,-1.3580209490448214,2.563258145752218
G0010750.JPG,2024:03:25 16:05:06.5080,1711362906.508,15.678956399999999,85.86674319999999,146.709,-3.17,20.33,217.92,245,166,1995,2786,15.678577450663266,85.86642310825206,-0.8560008751762556,0.9860437276533202,1.3057640411448657
G0010751.JPG,2024:03:25 16:05:07.  80,1711362907.008,15.6789562,85.86674299997222,146.659,-3.19,20.39,218.07,254,163,2004,2783,15.678580260901072,85.86641438536091,0.6244966657286781,-1.866295293470519,1.9680076747656365
G0010752.JPG,2024:03:25 16:05:07.5090,1711362907.509,15.67895599997222,85.86674269999999,146.632,-3.19,20.39,218.07,243,184,1993,2804,15.678582388676025,85.86642655792376,0.47189446019884357,2.599166270355579,2.641656617072039
G0010753.JPG,2024:03:25 16:05:08.  90,1711362908.009,15.678955799999999,85.86674249999999,146.582,-3.19,20.39,218.07,241,165,1991,2785,15.678574920937264,85.86642234038823,-1.6594958430782043,-0.9023575539235255,1.888961515837919
G0010754.JPG,2024:03:25 16:05:08.5100,1711362908.51,15.678955499999999,85.86674229997222,146.514,-3.19,20.39,218.07,245,167,1995,2787,15.678577272753916,85.86642047538797,0.5215823111451126,-0.39822741149916346,0.6562264689638792
G0010755.JPG,2024:03:25 16:05:09. 100,1711362909.01,15.6789553,85.86674209997221,146.471,-3.19,20.39,218.07,238,166,1988,2786,15.678573710091998,85.86642424184873,-0.7917018568231207,0.8058484269713402,1.1296829277940605
G0010756.JPG,2024:03:25 16:05:09.5110,1711362909.511,15.678955199999999,85.86674189997221,146.415,-3.19,20.39,218.07,252,157,2002,2777,15.678576936663266,85.8664133342071,0.7155840559233441,-2.329073089610356,2.436522521512747
G0010757.JPG,2024:03:25 16:05:10. 110,1711362910.011,15.678955,85.86674179997222,146.389,-3.19,20.39,218.07,262,159,2012,2779,15.67858196635551,85.86640791583615,1.1177082700501195,-1.1592807922954822,1.6103427375325017
G0010758.JPG,2024:03:25 16:05:10.5120,1711362910.512,15.678954599999999,85.86674159997222,146.328,-3.19,20.39,218.07,265,180,2015,2800,15.678590226417349,85.86641197487951,1.8319030477151563,0.866713812364824,2.0265886629437277
G0010759.JPG,2024:03:25 16:05:11. 120,1711362911.012,15.678954199972221,85.86674109997222,146.319,-3.19,20.39,218.07,237,154,1987,2774,15.67856844595652,85.86642080941752,-4.840097566270881,1.8901825526557845,5.196088387757241
G0010760.JPG,2024:03:25 16:05:11.5130,1711362911.513,15.678953899972221,85.86674099999999,146.276,-3.19,20.39,218.07,247,175,1997,2795,15.678579912595673,85.86642074956379,2.5430537469695587,-0.012780372091980805,2.5430858612887457
G0010761.JPG,2024:03:25 16:05:12. 130,1711362912.013,15.678953599972221,85.86674069997221,146.264,-3.19,20.39,218.07,243,164,1993,2784,15.678574098617275,85.86641977051782,-1.2919939074235316,-0.20947055968954975,1.3088644590621974
G0010762.JPG,2024:03:25 16:05:12.5140,1711362912.514,15.678953199999999,85.86674049999999,146.244,-3.19,20.39,218.07,242,173,1992,2793,15.67857637983575,85.86642272018611,0.5059251548830866,0.6298330343266135,0.8078675098508074
G0010763.JPG,2024:03:25 16:05:13. 140,1711362913.014,15.678952799972222,85.86674039997222,146.235,-3.19,20.39,218.07,245,173,1995,2793,15.678577342178578,85.8664208644429,0.21385374784568256,-0.3970432264485537,0.45097311354039976
G0010764.JPG,2024:03:25 16:05:13.5150,1711362913.515,15.678952299999999,85.86674029999999,146.2,-3.19,20.39,218.07,250,181,2000,2801,15.678581889985864,85.866420116108,1.008605285473919,-0.1597894269754326,1.021184255097513
G0010765.JPG,2024:03:25 16:05:14. 150,1711362914.015,15.678951999999999,85.86673999997221,146.187,-3.19,20.39,218.07,241,181,1991,2801,15.678577608997774,85.86642516406346,-0.951329735390182,1.0800290064937967,1.4392674943545176
G0010766.JPG,2024:03:25 16:05:14.5160,1711362914.516,15.67895159997222,85.86673979999999,146.169,-3.19,20.39,218.07,242,164,1992,2784,15.678571898595582,85.8664196710994,-1.2664442909093396,-1.1728946773422084,1.7261410910219777
G0010767.JPG,2024:03:25 16:05:15. 160,1711362915.016,15.678951399999999,85.86673969997221,146.141,-3.19,20.39,218.07,248,162,1998,2782,15.67857376686766,85.86641552028794,0.41517115760345646,-0.8880817110869474,0.9803347467436389
G0010768.JPG,2024:03:25 16:05:15.5170,1711362915.517,15.678950999972221,85.86673949997221,146.111,-3.19,20.39,218.07,245,164,1995,2784,15.678572788342306,85.86641772239196,-0.21701586077338025,0.4702080817037703,0.5178721115553054
G0010769.JPG,2024:03:25 16:05:16. 170,1711362916.017,15.678950699972221,85.8667394,146.049,-3.19,20.39,218.07,241,161,1991,2781,15.678569838776703,85.86641928796499,-0.6554583675001489,0.3349602366118654,0.7360869728755136
G0010770.JPG,2024:03:25 16:05:16.5180,1711362916.518,15.678950299999999,85.86673919997222,146.049,-3.19,20.39,218.07,254,170,2004,2790,15.678578311640456,85.86641391128484,1.8790988036650902,-1.1480649567579362,2.202059367699058
G0010771.JPG,2024:03:25 16:05:17. 180,1711362917.018,15.678949799972221,85.86673909999999,146.0,-3.19,20.39,218.07,246,153,1996,2773,15.67856856198252,85.86641389880774,-2.1665884858755327,-0.002669522866197589,2.1665901304770974
G0010772.JPG,2024:03:25 16:05:17.5190,1711362917.519,15.678949499972221,85.86673899997221,145.967,-3.19,20.39,218.07,259,179,2009,2799,15.678583010961438,85.86641345359352,3.2044709876947506,-0.09506509099481626,3.205880796677135
G0010773.JPG,2024:03:25 16:05:18. 190,1711362918.019,15.678949099999999,85.86673889999999,145.952,-3.19,20.39,218.07,243,174,1993,2794,15.678573818416172,85.86642144258774,-2.042785793975522,1.7092752930802897,2.663568250975168
G0010774.JPG,2024:03:25 16:05:18.5200,1711362918.52,15.678948499999999,85.86673879997221,145.915,-3.13,20.57,218.19,237,169,1987,2789,15.678564978280306,85.8664209273534,-1.9605518529059949,-0.11001630741817796,1.9636362076084921
G0010775.JPG,2024:03:25 16:05:19. 200,1711362919.02,15.678947899999999,85.86673869997222,145.868,-3.13,20.57,218.19,255,183,2005,2803,15.67857731361583,85.866414227462,2.7411829309437827,-1.4334669597167664,3.0933657051013506
G0010776.JPG,2024:03:25 16:05:19.5210,1711362919.521,15.6789474,85.86673839999999,145.842,-3.13,20.57,218.19,240,177,1990,2797,15.67856813822942,85.86642115115939,-2.034903207706739,1.4783945053293326,2.5152497645607954
G0010777.JPG,2024:03:25 16:05:20. 210,1711362920.021,15.678946999999999,85.8667382,145.812,-3.13,20.57,218.19,248,184,1998,2804,15.678573769339524,85.86641825638827,1.2513565496269798,-0.6193471661065846,1.3962392798007788
G0010778.JPG,2024:03:25 16:05:20.5220,1711362920.522,15.678946499999999,85.86673789999999,145.747,-3.13,20.57,218.19,239,153,1989,2773,15.678558847141321,85.86641473704421,-3.309420789035571,-0.7514737174330804,3.3936674420003965
G0010779.JPG,2024:03:25 16:05:21. 220,1711362921.022,15.678946199999999,85.86673779997221,145.715,-3.13,20.57,218.19,227,169,1977,2789,15.678558740228011,85.86642625575067,-0.02375848962036642,2.46447071118575,2.464585229226499
G0010780.JPG,2024:03:25 16:05:21.5230,1711362921.523,15.678945799972222,85.86673769999999,145.667,-3.13,20.57,218.19,256,163,2006,2783,15.678569372936613,85.86640748251972,2.358105900885297,-4.008586903738887,4.65074536011347
G0010781.JPG,2024:03:25 16:05:22. 230,1711362922.023,15.678945299999999,85.86673739999999,145.647,-3.13,20.57,218.19,244,175,1994,2795,15.678567649586842,85.866417662191,-0.38296623268757557,2.177978978128633,2.2113922231366283
G0010782.JPG,2024:03:25 16:05:22.5240,1711362922.524,15.678944899972223,85.86673719999999,145.604,-3.13,20.57,218.19,238,178,1988,2798,15.678565705426408,85.86642192430772,-0.43117293668637185,0.9100758993708974,1.0070492758283964
G0010783.JPG,2024:03:25 16:05:23. 240,1711362923.024,15.6789445,85.86673709997221,145.501,-3.13,20.57,218.19,247,155,1997,2775,15.678561756903239,85.86641032378536,-0.8774487156332853,-2.4819754712636954,2.6325118211550627
G0010784.JPG,2024:03:25 16:05:23.5250,1711362923.525,15.678944099999999,85.86673699999999,145.454,-3.13,20.57,218.19,244,143,1994,2763,15.678556041553618,85.86640873416225,-1.2675409209943271,-0.3394268961275658,1.3122006722334585
G0010785.JPG,2024:03:25 16:05:24. 250,1711362924.025,15.6789436,85.86673679997222,145.422,-3.13,20.57,218.19,257,170,2007,2790,15.67857063065178,85.86640850967717,3.242018571851947,-0.04802942836015298,3.242374322347983
G0010786.JPG,2024:03:25 16:05:24.5260,1711362924.526,15.678943,85.86673669999999,145.402,-3.13,20.57,218.19,241,172,1991,2792,15.678563629095239,85.86641842817701,-1.5527945338222346,2.1178649579017805,2.6261231586078595
G0010787.JPG,2024:03:25 16:05:25. 260,1711362925.026,15.678942499972221,85.86673639997221,145.366,-3.13,20.57,218.19,245,167,1995,2787,15.678563305528405,85.86641445990311,-0.07190366893423317,-0.8490271556021889,0.8520664578283476
G0010788.JPG,2024:03:25 16:05:25.5270,1711362925.527,15.678942099999999,85.86673619999999,145.362,-3.13,20.57,218.19,241,175,1991,2795,15.678563852603029,85.86641885113094,0.12132937589147524,0.9376445893545088,0.9454618942083284
G0010789.JPG,2024:03:25 16:05:26. 270,1711362926.027,15.678941599972221,85.86673569999999,145.333,-3.13,20.57,218.19,229,173,1979,2793,15.678557407347292,85.86642490812791,-1.4322776204142222,1.2959173446358216,1.9315333147702594
G0010790.JPG,2024:03:25 16:05:26.5280,1711362926.528,15.678941199999999,85.86673539997221,145.316,-3.13,20.57,218.19,238,173,1988,2793,15.67856105761036,85.86641935768775,0.8095493919990323,-1.1851668874479067,1.4352667937317305
G0010791.JPG,2024:03:25 16:05:27. 280,1711362927.028,15.678941,85.86673509997222,145.279,-3.13,20.57,218.19,233,159,1983,2779,15.678553964127252,85.866418180225,-1.5763280031298699,-0.25192259986254983,1.596331722973928
G0010792.JPG,2024:03:25 16:05:27.5290,1711362927.529,15.67894079997222,85.86673479999999,145.23,-3.13,20.57,218.19,246,164,1996,2784,15.678561386185095,85.86641173605781,1.6460526712511476,-1.3760020881462705,2.145430293231625
G0010793.JPG,2024:03:25 16:05:28. 290,1711362928.029,15.678940599999999,85.86673459999999,145.2,-3.13,20.57,218.19,249,174,1999,2794,15.678565994297584,85.86641262864461,1.024023973513696,0.19097230878728919,1.0416791833642096
G0010794.JPG,2024:03:25 16:05:28.5300,1711362928.53,15.6789401,85.86673429999999,145.178,-3.13,20.57,218.19,251,172,2001,2792,15.678565763161453,85.86641064503631,-0.05126101862532668,-0.42355342049181044,0.4266441046596314
G0010795.JPG,2024:03:25 16:05:29. 300,1711362929.03,15.6789398,85.86673399997221,145.128,-3.14,20.96,218.37,251,167,2001,2787,15.678557087092031,85.86640105772359,-1.9280134990976698,-2.0512417061696135,2.8151072075202515
G0010796.JPG,2024:03:25 16:05:29.5310,1711362929.531,15.6789395,85.86673369997222,145.12,-3.14,20.96,218.37,255,176,2005,2796,15.678561656986178,85.86640096053891,1.0135041556627753,-0.02075152924172911,1.0137165775065462
G0010797.JPG,2024:03:25 16:05:30. 310,1711362930.031,15.678939099972222,85.86673329999999,145.128,-3.14,20.96,218.37,267,181,2017,2801,15.678568304594624,85.86639490433559,1.4772448440716879,-1.2957475130752039,1.9649971875239316
G0010798.JPG,2024:03:25 16:05:30.5320,1711362930.532,15.678938599999999,85.86673289999999,145.111,-3.14,20.96,218.37,233,173,1983,2793,15.678549915423313,85.86641225032663,-4.078320432706425,3.7038313384308097,5.509179987563747
G0010799.JPG,2024:03:25 16:05:31. 320,1711362931.032,15.678938399972221,85.86673239999999,145.11,-3.14,20.96,218.37,260,135,2010,2755,15.67854885760576,85.86638514123756,-0.23507033218792373,-5.8000921678579065,5.804853763594874
G0010800.JPG,2024:03:25 16:05:31.5330,1711362931.533,15.678938099972221,85.86673209997221,145.111,-3.14,20.96,218.37,239,152,1989,2772,15.678544940570145,85.8664020269731,-0.8687141859865836,3.6055564570223892,3.7087331666905046
G0010801.JPG,2024:03:25 16:05:32. 330,1711362932.033,15.678937699999999,85.86673179997221,145.131,-3.14,20.96,218.37,253,143,2003,2763,15.678547692228454,85.86639089207625,0.6114790127888163,-2.3823533432726953,2.4595759868895644
G0010802.JPG,2024:03:25 16:05:32.5340,1711362932.534,15.678937099999999,85.86673159997221,145.167,-3.14,20.96,218.37,242,154,1992,2774,15.678545817709358,85.8664001977253,-0.415727986927384,1.9870051220041862,2.0300293382080876
G0010803.JPG,2024:03:25 16:05:33. 340,1711362933.034,15.6789366,85.8667315,145.152,-3.14,20.96,218.37,229,147,1979,2767,15.67853713447184,85.8664058110653,-1.9296064076048793,1.2009953778691345,2.2728332068000134
G0010804.JPG,2024:03:25 16:05:33.5350,1711362933.535,15.678936099972221,85.8667315,145.155,-3.14,20.96,218.37,241,159,1991,2779,15.678546108550002,85.86640212214134,1.9902564238273859,-0.7876836403933991,2.1404593315289997
G0010805.JPG,2024:03:25 16:05:34. 350,1711362934.035,15.678935799972221,85.86673139999999,145.142,-3.14,20.96,218.37,254,165,2004,2785,15.678553714334509,85.86639609806767,1.6901726447350072,-1.2888733489454405,2.1255300700372044
G0010806.JPG,2024:03:25 16:05:34.5360,1711362934.536,15.678935499972221,85.86673129997222,145.132,-3.14,20.96,218.37,245,144,1995,2764,15.67854223977876,85.86639538803873,-2.544809477421529,-0.15161018108312646,2.5493216594581574
G0010807.JPG,2024:03:25 16:05:35. 360,1711362935.036,15.678935199972221,85.86673129997222,145.101,-3.14,20.96,218.37,244,162,1994,2782,15.678547720390238,85.8664011255891,1.2179124437613211,1.2275706371645152,1.729231155715501
G0010808.JPG,2024:03:25 16:05:35.5370,1711362935.537,15.678934999972222,85.86673129997222,145.102,-3.14,20.96,218.37,242,159,1992,2779,15.678545599005266,85.8664014544879,-0.47047752432933637,0.07022869472151304,0.4756902042940855
G0010809.JPG,2024:03:25 16:05:36. 370,1711362936.037,15.678934999972222,85.86673119999999,145.063,-3.14,20.96,218.37,252,160,2002,2780,15.678550524949486,85.86639584614292,1.0946531763759246,-1.1999266335124745,1.6242196595172962
G0010810.JPG,2024:03:25 16:05:36.5380,1711362936.538,15.678934899972221,85.86673119999999,145.033,-3.14,20.96,218.37,267,157,2017,2777,15.678556208687116,85.86638624366223,1.2605300651139717,-2.0503855800065907,2.406868727570159
G0010811.JPG,2024:03:25 16:05:37. 380,1711362937.038,15.678934499999999,85.86673099999999,145.014,-3.14,20.96,218.37,251,160,2001,2780,15.678549706846338,85.86639634721595,-1.4448520613182332,2.161693504755386,2.600099284180735
G0010812.JPG,2024:03:25 16:05:37.5390,1711362937.539,15.678934199999999,85.86673069999999,144.991,-3.14,20.96,218.37,246,155,1996,2775,15.678545524976174,85.86639762985546,-0.9274487884342099,0.27387786038628104,0.9670420557441393
G0010813.JPG,2024:03:25 16:05:38. 390,1711362938.039,15.678933799972222,85.86673049999999,144.965,-3.14,20.96,218.37,245,142,1995,2762,15.678540308675839,85.86639440964034,-1.1591766931944427,-0.6889772296905408,1.3484732956485477
G0010814.JPG,2024:03:25 16:05:38.5400,1711362938.54,15.67893349997222,85.8667303,144.956,-3.14,20.96,218.37,240,151,1990,2771,15.678540867019588,85.86639971026969,0.12382862548959192,1.1318262643059962,1.1385799142192472
G0010815.JPG,2024:03:25 16:05:39. 400,1711362939.04,15.6789331,85.86673019999999,144.909,-3.14,20.96,218.37,258,171,2008,2791,15.678555453629427,85.86639477824428,3.241465611468609,-1.0552255007850906,3.4089001404911685
G0010816.JPG,2024:03:25 16:05:39.5410,1711362939.541,15.67893259997222,85.86673009997222,144.888,-3.14,20.96,218.37,243,175,1993,2795,15.678549658899534,85.86640464470165,-1.2851463597161805,2.106752646988394,2.4677941327194124
G0010817.JPG,2024:03:25 16:05:40. 410,1711362940.041,15.6789322,85.86672989997221,144.882,-2.86,21.36,218.51,246,166,1996,2786,15.678535907377885,85.86639797058626,-3.0558906439722193,-1.4279522821940398,3.3730572702134944
G0010818.JPG,2024:03:25 16:05:40.5420,1711362940.542,15.678931799999999,85.86672959997222,144.87,-2.86,21.36,218.51,250,175,2000,2795,15.678540407605654,85.86639789404964,0.9980531777168978,-0.016342610170112355,0.9981869696895316
G0010819.JPG,2024:03:25 16:05:41. 420,1711362941.042,15.678931499972222,85.86672919997221,144.84,-2.86,21.36,218.51,236,162,1986,2782,15.678529459127285,85.86640210608853,-2.4329927601700803,0.9011817191364684,2.594529294871381
G0010820.JPG,2024:03:25 16:05:41.5430,1711362941.543,15.678931099972221,85.86672889997222,144.807,-2.86,21.36,218.51,243,161,1993,2781,15.678531955924992,85.86639749002367,0.5537359883929232,-0.9856534660821102,1.1305469030699988
G0010821.JPG,2024:03:25 16:05:42. 430,1711362942.043,15.678930899972222,85.86672869997221,144.739,-2.86,21.36,218.51,240,148,1990,2768,15.678526145480383,85.8663955303425,-1.2912086219036993,-0.41928124228092656,1.357577425197947
G0010822.JPG,2024:03:25 16:05:42.5440,1711362942.544,15.678930499972221,85.86672859999999,144.66,-2.86,21.36,218.51,233,152,1983,2772,15.678524189908206,85.866400851995,-0.43370381557329396,1.136315353441157,1.2162695351396973
G0010823.JPG,2024:03:25 16:05:43. 440,1711362943.044,15.678930299972222,85.86672839997222,144.612,-2.86,21.36,218.51,247,155,1997,2775,15.678531441512918,85.86639339447797,1.61146610236921,-1.5955641505209084,2.2677407165530457
G0010824.JPG,2024:03:25 16:05:43.5450,1711362943.545,15.678929899972221,85.86672829999999,144.583,-2.86,21.36,218.51,249,151,1999,2771,15.678530653665167,85.86639105551393,-0.1747275898617991,-0.4994312214720755,0.5291136698668845
G0010825.JPG,2024:03:25 16:05:44. 450,1711362944.045,15.678929499999999,85.86672829999999,144.568,-2.86,21.36,218.51,241,165,1991,2785,15.678531481546084,85.8663997367831,0.18397335327038888,1.8573905478640578,1.8664795316338982
G0010826.JPG,2024:03:25 16:05:44.5460,1711362944.546,15.67892909997222,85.86672819997221,144.547,-2.86,21.36,218.51,240,161,1990,2781,15.67852932604452,85.86639914286684,-0.47804385013039913,-0.1268170258018285,0.49457909446388565
G0010827.JPG,2024:03:25 16:05:45. 460,1711362945.046,15.6789287,85.86672799997221,144.513,-2.86,21.36,218.51,250,153,2000,2773,15.678530779357649,85.86639089836072,0.3229581500432417,-1.7639434423280964,1.793264741863746
G0010828.JPG,2024:03:25 16:05:45.5470,1711362945.547,15.678928199972221,85.86672789999999,144.497,-2.86,21.36,218.51,247,147,1997,2767,15.678526925283084,85.86639089694404,-0.8547507803856477,-0.00030249914449531097,0.8547508339133727
G0010829.JPG,2024:03:25 16:05:46. 470,1711362946.047,15.678927899972221,85.86672769997222,144.462,-2.86,21.36,218.51,245,151,1995,2771,15.678527191258532,85.86639308369814,0.05910559598066101,0.4678643643738903,0.4715830095828448
G0010830.JPG,2024:03:25 16:05:46.5480,1711362946.548,15.678927399972222,85.86672759999999,144.409,-2.86,21.36,218.51,252,171,2002,2791,15.678536790930533,85.86639465324829,2.1289996056952307,0.3351408283798726,2.1552166238913424
G0010831.JPG,2024:03:25 16:05:47. 480,1711362947.048,15.678926999972221,85.86672739999999,144.363,-2.86,21.36,218.51,256,178,2006,2798,15.678540682060829,85.86639419323394,0.8646947566813488,-0.09842181531957447,0.8702780452033806
G0010832.JPG,2024:03:25 16:05:47.5490,1711362947.549,15.678926599999999,85.86672689999999,144.31,-2.97,21.34,218.55,225,114,1975,2734,15.678506948380436,85.8663917530717,-7.481404200397877,-0.521040005662892,7.499526084842441
G0010833.JPG,2024:03:25 16:05:48. 490,1711362948.049,15.678926199972222,85.86672679997221,144.253,-2.97,21.34,218.55,230,136,1980,2756,15.678516517682404,85.86639508218569,2.1265094218697094,0.7122766653053699,2.242628005095625
G0010834.JPG,2024:03:25 16:05:48.5500,1711362948.55,15.6789258,85.86672659999999,144.201,-2.97,21.34,218.55,248,165,1998,2785,15.678534223642103,85.86639266088174,3.9268007440326875,-0.5170132491691954,3.960690190251209
G0010835.JPG,2024:03:25 16:05:49. 500,1711362949.05,15.678925399999999,85.86672659999999,144.159,-2.97,21.34,218.55,242,144,1992,2764,15.678524103089115,85.86639033545254,-2.2490095260233396,-0.49753442588272595,2.303385411320081
G0010836.JPG,2024:03:25 16:05:49.5510,1711362949.551,15.678925099999999,85.86672649997222,144.118,-2.97,21.34,218.55,265,178,2015,2798,15.678545759408197,85.86638650058774,4.802903138588939,-0.8188459264748545,4.872205579608885
G0010837.JPG,2024:03:25 16:05:50. 510,1711362950.051,15.678924699972221,85.86672629997221,144.06,-2.97,21.34,218.55,239,126,1989,2746,15.678516182090382,85.86638692678368,-6.572730719373773,0.09118624177535437,6.573363221372206
G0010838.JPG,2024:03:25 16:05:50.5520,1711362950.552,15.678924099972221,85.86672609997221,144.029,-2.97,21.34,218.55,232,156,1982,2776,15.678522772868549,85.86639936156303,1.4616927321989617,2.655158543386433,3.0309095225494986
G0010839.JPG,2024:03:25 16:05:51. 520,1711362951.052,15.678923599972222,85.86672589999999,143.988,-2.97,21.34,218.55,234,148,1984,2768,15.678520558257242,85.866395836729,-0.4921353538160105,-0.7541516780559303,0.9005231590526617
G0010840.JPG,2024:03:25 16:05:51.5530,1711362951.553,15.678922999972222,85.86672579997222,143.972,-2.97,21.34,218.55,246,153,1996,2773,15.678527078072882,85.86639017573727,1.4459547712707814,-1.2087733782034422,1.8846533581574358
G0010841.JPG,2024:03:25 16:05:52. 530,1711362952.053,15.678922599972221,85.86672559997221,143.949,-2.97,21.34,218.55,232,159,1982,2779,15.678522515887618,85.86639988550125,-1.013817933788637,2.077440989588712,2.3116201824899325
G0010842.JPG,2024:03:25 16:05:52.5540,1711362952.554,15.678922199999999,85.86672539999999,143.918,-2.97,21.34,218.55,236,165,1986,2785,15.67852602727841,85.86639910868162,0.7787508957536572,-0.16587180018970313,0.79622007745051
G0010843.JPG,2024:03:25 16:05:53. 540,1711362953.054,15.67892179997222,85.86672519999999,143.884,-2.97,21.34,218.55,237,164,1987,2784,15.67852582854481,85.86639812276174,-0.044162978113181595,-0.2109413131037129,0.2155147470818273
G0010844.JPG,2024:03:25 16:05:53.5550,1711362953.555,15.6789214,85.86672489997221,143.885,-2.97,21.34,218.55,222,149,1972,2769,15.678513619493765,85.8664023539608,-2.7077034357814966,0.9034739297260173,2.8544566974885948
G0010845.JPG,2024:03:25 16:05:54. 550,1711362954.055,15.6789211,85.86672469999999,143.862,-2.97,21.34,218.55,248,146,1998,2766,15.678523997177203,85.86638618878101,2.3061495689421747,-3.4586018902788735,4.1569523535605715
G0010846.JPG,2024:03:25 16:05:54.5560,1711362954.556,15.6789208,85.86672449999999,143.847,-2.97,21.34,218.55,236,130,1986,2750,15.678512908676293,85.86638851529356,-2.4591908241346156,0.4967727653984029,2.508864820979693
G0010847.JPG,2024:03:25 16:05:55. 560,1711362955.056,15.678920399999999,85.86672439997221,143.842,-2.97,21.34,218.55,227,148,1977,2768,15.678514636083968,85.86639875440397,0.3838679882824536,2.1906967913282047,2.2240744286025387
G0010848.JPG,2024:03:25 16:05:55.5570,1711362955.557,15.678920099972222,85.86672449999999,143.827,-2.97,21.34,218.55,246,142,1996,2762,15.678520837535501,85.86638610901468,1.3753484651438783,-2.700129431287332,3.030228101360964
G0010849.JPG,2024:03:25 16:05:56. 570,1711362956.057,15.678919699972221,85.86672449999999,143.825,-2.97,21.34,218.55,244,153,1994,2773,15.678523287613894,85.8663903850616,0.5444613205632258,0.9148765389148059,1.064630081787184
G0010850.JPG,2024:03:25 16:05:56.5580,1711362956.558,15.678919099972221,85.86672439997221,143.815,-2.8,21.44,218.55,239,152,1989,2772,15.67851552142109,85.86639460689518,-1.722373578406977,0.901474151392445,1.9440232481179807
G0010851.JPG,2024:03:25 16:05:57. 580,1711362957.058,15.678918799972221,85.86672429999999,143.807,-2.8,21.44,218.55,260,137,2010,2757,15.678519542342666,85.86637801312598,0.893537234493472,-3.550300253312819,3.6610163449647843
G0010852.JPG,2024:03:25 16:05:57.5590,1711362957.559,15.678918399999999,85.86672429999999,143.805,-2.8,21.44,218.55,254,157,2004,2777,15.678523263455261,85.86638718567349,0.8252626773481088,1.9585846248700798,2.12534990516885
G0010853.JPG,2024:03:25 16:05:58. 590,1711362958.059,15.6789182,85.86672429999999,143.784,-2.8,21.44,218.55,238,152,1988,2772,15.678514261011962,85.86639516142257,-2.000540954849569,1.7064419469812948,2.6294691917662276
G0010854.JPG,2024:03:25 16:05:58.5600,1711362958.56,15.6789179,85.86672419997221,143.767,-2.8,21.44,218.55,244,160,1994,2780,15.67851941320153,85.86639385140231,1.142644746196119,-0.2797244285245804,1.1763854691056825
G0010855.JPG,2024:03:25 16:05:59. 600,1711362959.06,15.67891769997222,85.86672399999999,143.748,-2.8,21.44,218.55,257,141,2007,2761,15.678518623726983,85.86638074396755,-0.17543861260147153,-2.8043856713500315,2.809867915127844
G0010856.JPG,2024:03:25 16:05:59.5610,1711362959.561,15.678917399972221,85.86672389997221,143.735,-2.8,21.44,218.55,250,126,2000,2746,15.67851010220858,85.86638051702684,-1.889888458402178,-0.04845790063687807,1.890509601492649
G0010857.JPG,2024:03:25 16:06:00. 610,1711362960.061,15.678916899999999,85.86672379999999,143.753,-2.8,21.44,218.55,252,163,2002,2783,15.678523047209488,85.86638966477538,2.876663991699637,1.9571957234621635,3.4793405727349933
G0010858.JPG,2024:03:25 16:06:00.5620,1711362960.562,15.678916599999999,85.86672349999999,143.76,-2.8,21.44,218.55,225,161,1975,2781,15.678509981439307,85.86640451676378,-2.8977065881091346,3.171297482566483,4.295792266125493
G0010859.JPG,2024:03:25 16:06:01. 620,1711362961.062,15.678916399999999,85.86672339997222,143.759,-2.8,21.44,218.55,227,153,1977,2773,15.6785079528149,85.86640101347518,-0.45080497280261866,-0.7495419973466214,0.8746646953489848
G0010860.JPG,2024:03:25 16:06:01.5630,1711362961.563,15.678916199972221,85.86672329999999,143.713,-2.8,21.44,218.55,230,159,1980,2779,15.67851126697556,85.86640095026378,0.7350094976668937,-0.013497328608310676,0.7351334161498171
G0010861.JPG,2024:03:25 16:06:02. 630,1711362962.063,15.678915999972222,85.86672319997221,143.699,-2.8,21.44,218.55,237,143,1987,2763,15.678508785649571,85.86639230690818,-0.5514052239549372,-1.8492789869552129,1.9297358608366308
G0010862.JPG,2024:03:25 16:06:02.5640,1711362962.564,15.678915599972221,85.86672299997221,143.645,-2.8,21.44,218.55,249,144,1999,2764,15.678514248908584,85.86638550992583,1.2116332535569994,-1.4513378922968543,1.8906181049439348
G0010863.JPG,2024:03:25 16:06:03. 640,1711362963.064,15.678915199999999,85.86672289997222,143.625,-2.8,21.44,218.55,228,149,1978,2769,15.678506217338256,85.86639911036428,-1.7847916214100294,2.9098658183031865,3.413619810755837
G0010864.JPG,2024:03:25 16:06:03.5650,1711362963.565,15.678914699972221,85.86672279999999,143.6,-2.8,21.44,218.55,226,158,1976,2778,15.678507959921715,85.86640275144735,0.38646731849832877,0.7774684641483746,0.8682247410737159
G0010865.JPG,2024:03:25 16:06:04. 650,1711362964.065,15.678914299999999,85.86672269997221,143.575,-2.8,21.44,218.55,234,166,1984,2786,15.678513917296682,85.86640029179154,1.323859779843275,-0.5262527667912347,1.4246215958078532
G0010866.JPG,2024:03:25 16:06:04.5660,1711362964.566,15.6789138,85.86672249997221,143.531,-2.8,21.44,218.55,240,166,1990,2786,15.678516216092294,85.86639670273708,0.5098233857398354,-0.7663593011639962,0.9204490551506899
G0010867.JPG,2024:03:25 16:06:05. 660,1711362965.066,15.6789135,85.86672219997222,143.513,-2.8,21.44,218.55,218,152,1968,2772,15.678501395344139,85.86640532177921,-3.2934962966874224,1.8440770391542267,3.7746175942245572
G0010868.JPG,2024:03:25 16:06:05.5670,1711362965.567,15.6789129,85.86672179997221,143.453,-2.8,21.44,218.55,261,143,2011,2763,15.678517111263956,85.86637748042688,3.485452733371083,-5.9448749456297065,6.891292975613485
G0010869.JPG,2024:03:25 16:06:06. 670,1711362966.067,15.678912499972222,85.86672149997221,143.456,-2.8,21.44,218.55,227,154,1977,2774,15.678505253826314,85.86640007272204,-2.6349835075778856,4.8337079278100985,5.50525843322379
G0010870.JPG,2024:03:25 16:06:06.5680,1711362966.568,15.678911799972221,85.86672129997221,143.42,-3.07,21.55,218.55,219,157,1969,2777,15.67850393879467,85.8663982789796,-0.2916455741573897,-0.38301191482989166,0.4814096673595719
G0010871.JPG,2024:03:25 16:06:07. 680,1711362967.068,15.678911399999999,85.86672109999999,143.395,-3.07,21.55,218.55,249,171,1999,2791,15.678521733275462,85.86638462499559,3.954325110554759,-2.9213220589550666,4.916381764275571
G0010872.JPG,2024:03:25 16:06:07.5690,1711362967.569,15.678910899972221,85.86672089999999,143.371,-3.07,21.55,218.55,259,146,2009,2766,15.678517302303275,85.8663716018117,-0.9826942551674347,-2.780798678009391,2.949326920969911
G0010873.JPG,2024:03:25 16:06:08. 690,1711362968.069,15.6789106,85.86672059997221,143.351,-3.07,21.55,218.55,254,134,2004,2754,15.678510743167669,85.86637086463132,-1.4575842326832031,-0.15772255681580455,1.466092834814766
G0010874.JPG,2024:03:25 16:06:08.5700,1711362968.57,15.678909899999999,85.86672049997222,143.318,-3.07,21.55,218.55,233,149,1983,2769,15.678505852679223,85.86638732411805,-1.0846050705747028,3.5145415912583315,3.6780933587663327
G0010875.JPG,2024:03:25 16:06:09. 700,1711362969.07,15.678909499972221,85.86672049997222,143.286,-3.07,21.55,218.55,229,154,1979,2774,15.678505457622776,85.86639112939424,-0.08779023359255689,0.8141534123478206,0.8188729473806275
G0010876.JPG,2024:03:25 16:06:09.5710,1711362969.571,15.678908999999999,85.86672039999999,143.245,-3.07,21.55,218.55,268,170,2018,2790,15.678527874076496,85.86637295752146,4.971484559302456,-3.880179905902358,6.306461355272953
G0010877.JPG,2024:03:25 16:06:10. 710,1711362970.071,15.678908699972222,85.86672039999999,143.217,-3.07,21.55,218.55,219,164,1969,2784,15.678503792057592,85.86639979104898,-5.351554404767072,5.741135673026941,7.848552310030453
G0010878.JPG,2024:03:25 16:06:10.5720,1711362970.572,15.678908299972221,85.86672009997221,143.191,-3.07,21.55,218.55,253,161,2003,2781,15.67851759416117,85.86637896804163,3.061009485919165,-4.446270149081959,5.398064218912593
G0010879.JPG,2024:03:25 16:06:11. 720,1711362971.072,15.678907999972221,85.86671999999999,143.162,-3.07,21.55,218.55,257,150,2007,2770,15.678515437668933,85.86637350700795,-0.4792200177435433,-1.1684090044834483,1.262866353643221
G0010880.JPG,2024:03:25 16:06:11.5730,1711362971.573,15.678907599999999,85.86671999999999,143.129,-3.07,21.55,218.55,275,160,2025,2780,15.678526537929894,85.86636594275053,2.46179895024956,-1.6151716076508258,2.944356193399703
G0010881.JPG,2024:03:25 16:06:12. 730,1711362972.073,15.678907199972222,85.86671999999999,143.13,-3.07,21.55,218.55,265,177,2015,2797,15.678527397071996,85.86637655047055,0.19092027607096185,2.2695620779242374,2.2775782263989957
G0010882.JPG,2024:03:25 16:06:12.5740,1711362972.574,15.6789068,85.86671989999999,143.078,-3.07,21.55,218.55,258,167,2008,2787,15.678520653718524,85.8663778229001,-1.4955306507566282,0.27169779530754284,1.5200104010589939
G0010883.JPG,2024:03:25 16:06:13. 740,1711362973.074,15.678906399999999,85.86671969999999,143.063,-3.07,21.55,218.55,243,164,1993,2784,15.678512603410486,85.86638552056259,-1.788955552812812,1.646944274566997,2.431622382992229
G0010884.JPG,2024:03:25 16:06:13.5750,1711362973.575,15.678906099999999,85.86671929997222,143.025,-3.07,21.55,218.55,266,166,2016,2786,15.678523323018064,85.86637242423954,2.3773770921199904,-2.796414536184115,3.6704027158227093
G0010885.JPG,2024:03:25 16:06:14. 750,1711362974.075,15.678905799999999,85.86671919999999,142.997,-3.07,21.55,218.55,272,175,2022,2795,15.678528794074037,85.86637144767755,1.2157890003665806,-0.20893915667227683,1.2336119586820207
G0010886.JPG,2024:03:25 16:06:14.5760,1711362974.576,15.678905199999999,85.86671869999999,142.97,-3.07,21.55,218.55,274,165,2024,2785,15.678525797403339,85.86636703089285,-0.6645970581296969,-0.9431018327364517,1.1537462097816407
G0010887.JPG,2024:03:25 16:06:15. 760,1711362975.076,15.678904799972221,85.86671839997221,142.959,-3.07,21.55,218.55,251,173,2001,2793,15.678517880592386,85.86638234989725,-1.7592895635041366,3.2775593901872195,3.719878401837753
G0010888.JPG,2024:03:25 16:06:15.5770,1711362975.577,15.678904399999999,85.86671809997222,142.924,-3.07,21.55,218.55,262,143,2012,2763,15.678512352583416,85.86636729747991,-1.2259934001804156,-3.2140944543625487,3.4399800840775265
G0010889.JPG,2024:03:25 16:06:16. 770,1711362976.077,15.678904199972221,85.86671789997222,142.913,-3.5,21.85,218.53,273,183,2023,2803,15.678530852460286,85.86635865288292,4.1110796376999375,-1.8495444820375304,4.507969673649827
G0010890.JPG,2024:03:25 16:06:16.5780,1711362976.578,15.678903799999999,85.86671739997222,142.888,-3.5,21.85,218.53,257,149,2007,2769,15.678511922848775,85.86635787212775,-4.198178378995342,-0.16671206639760613,4.201487190858318
G0010891.JPG,2024:03:25 16:06:17. 780,1711362977.078,15.678903199999999,85.86671709999999,142.86,-3.5,21.85,218.53,264,153,2014,2773,15.678515877310813,85.86635470300577,0.8787684629695747,-0.6780457554240866,1.109945970738454
G0010892.JPG,2024:03:25 16:06:17.5790,1711362977.579,15.678902899999999,85.8667169,142.828,-3.5,21.85,218.53,254,173,2004,2793,15.678517955618206,85.86636606569812,0.460923844579551,2.426239275525428,2.469633133200992
G0010893.JPG,2024:03:25 16:06:18. 790,1711362978.079,15.67890279997222,85.86671669997222,142.793,-3.5,21.85,218.53,252,166,2002,2786,15.67851470019502,85.8663651354617,-0.7234266512687562,-0.19902763158422085,0.7503053497743108
G0010894.JPG,2024:03:25 16:06:18.5800,1711362978.58,15.67890249997222,85.86671659999999,142.763,-3.5,21.85,218.53,251,175,2001,2795,15.67851706960376,85.86636822945093,0.5254838575499592,0.6606496044055661,0.8441511620242057
G0010895.JPG,2024:03:25 16:06:19. 800,1711362979.08,15.6789024,85.86671639999999,142.756,-3.5,21.85,218.53,263,197,2013,2817,15.678529703403477,85.86636729110853,2.8075082406245926,-0.20076193112691865,2.8146772237975717
G0010896.JPG,2024:03:25 16:06:19.5810,1711362979.581,15.67890249997222,85.86671599997221,142.724,-3.5,21.85,218.53,258,153,2008,2773,15.678512871101796,85.86635743851049,-3.733040424274739,-2.1037926322574116,4.285036084890055
G0010897.JPG,2024:03:25 16:06:20. 810,1711362980.081,15.67890249997222,85.8667157,142.706,-3.5,21.85,218.53,266,120,2016,2740,15.67850530189708,85.86634310971573,-1.682043810671889,-3.065700453947877,3.4968257969701364
G0010898.JPG,2024:03:25 16:06:20.5820,1711362980.582,15.678901999999999,85.86671549997222,142.704,-3.5,21.85,218.53,270,159,2020,2779,15.67851979910275,85.86635171414612,3.215168168260133,1.837276480449338,3.7030921154901786
G0010899.JPG,2024:03:25 16:06:21. 820,1711362981.082,15.678901699999999,85.86671529997221,142.697,-3.5,21.85,218.53,259,191,2009,2811,15.678525373673565,85.86636696183714,1.2387922757898586,3.262301608717605,3.489587094313322
G0010900.JPG,2024:03:25 16:06:21.5830,1711362981.583,15.6789015,85.86671489999999,142.667,-3.5,21.85,218.53,259,148,2009,2768,15.678510782216946,85.86635448074125,-3.2360709998776698,-2.665048384604251,4.192211636896567
G0010901.JPG,2024:03:25 16:06:22. 830,1711362982.083,15.678901299972221,85.86671469999999,142.662,-3.5,21.85,218.53,256,163,2006,2783,15.678514324722187,85.86636028878036,0.7872225995014048,1.242652164105592,1.4710213533875234
G0010902.JPG,2024:03:25 16:06:22.5840,1711362982.584,15.678900899999999,85.86671449999999,142.674,-3.5,21.85,218.53,230,159,1980,2779,15.678500975280407,85.86637401818136,-2.960617433702717,2.931593726793427,4.166473012959407
G0010903.JPG,2024:03:25 16:06:23. 840,1711362983.084,15.678900599999999,85.86671439999999,142.632,-3.5,21.85,218.53,251,149,2001,2769,15.6785067519507,85.8663590048831,1.2837032257031638,-3.2121526794880024,3.4591644667495447
G0010904.JPG,2024:03:25 16:06:23.5850,1711362983.585,15.678900099972221,85.86671439999999,142.582,-3.5,21.85,218.53,235,167,1985,2787,15.678505357329772,85.8663734880262,-0.3092969027110195,3.0925392879367317,3.1079677960781473
G0010905.JPG,2024:03:25 16:06:24. 850,1711362984.085,15.678899899972222,85.86671449999999,142.511,-3.5,21.85,218.53,242,181,1992,2801,15.678513172526088,85.86637363542937,1.7367085557062794,0.03153747220173189,1.7369948818624268
G0010906.JPG,2024:03:25 16:06:24.5860,1711362984.586,15.678899899972222,85.86671459997221,142.465,-3.5,21.85,218.53,266,194,2016,2814,15.678528291786437,85.86636362705455,3.353126506234719,-2.1370561538785267,3.9762377156860147
G0010907.JPG,2024:03:25 16:06:25. 860,1711362985.086,15.678899899972222,85.86671449999999,142.433,-3.5,21.85,218.53,247,161,1997,2781,15.6785088737195,85.8663653092454,-4.315121670986095,0.35991114903829224,4.330105203181083
G0010908.JPG,2024:03:25 16:06:25.5870,1711362985.587,15.678899799972221,85.86671429997222,142.381,-3.5,21.85,218.53,268,193,2018,2813,15.678528963739128,85.86636209789602,4.45553391987386,-0.6857091328945347,4.507990630655913
G0010909.JPG,2024:03:25 16:06:26. 870,1711362986.087,15.678899699999999,85.86671409997221,142.357,-3.5,21.85,218.53,267,163,2017,2783,15.678518439074178,85.86635407182077,-2.338812094369917,-1.7172093803523722,2.90152547270245
G0010910.JPG,2024:03:25 16:06:26.5880,1711362986.588,15.678899599972222,85.86671379997222,142.345,-3.5,21.85,218.53,259,181,2009,2801,15.678520857192145,85.86636351172257,0.536286260403367,2.015670987390093,2.085793010464744
G0010911.JPG,2024:03:25 16:06:27. 880,1711362987.088,15.678899499972221,85.86671349999999,142.35,-3.5,21.85,218.53,263,166,2013,2786,15.678517488402886,85.86635665599343,-0.7486190869344505,-1.4668094034896952,1.6468030736819645
G0010912.JPG,2024:03:25 16:06:27.5890,1711362987.589,15.6788992,85.86671319999999,142.328,-3.84,22.21,218.48,269,165,2019,2785,15.678517111749036,85.86634019157302,-0.08353371640707166,-3.515594909548253,3.516587187859611
G0010913.JPG,2024:03:25 16:06:28. 890,1711362988.089,15.6788989,85.86671289997221,142.322,-3.84,22.21,218.48,259,152,2009,2772,15.678507985323375,85.86634201960742,-2.02809256333229,0.3911149462349334,2.065461291482388
G0010914.JPG,2024:03:25 16:06:28.5900,1711362988.59,15.678898499999999,85.86671269997221,142.329,-3.84,22.21,218.48,266,163,2016,2783,15.678514399428648,85.86634086370408,1.4225104873353105,-0.24681634073000366,1.4437639670771298
G0010915.JPG,2024:03:25 16:06:29. 900,1711362989.09,15.678898099972221,85.86671239997222,142.321,-3.84,22.21,218.48,251,175,2001,2795,15.67851139749572,85.86635270451131,-0.6670955391293703,2.5333859568893358,2.619744427399436
G0010916.JPG,2024:03:25 16:06:29.5910,1711362989.591,15.6788977,85.86671229999999,142.302,-3.84,22.21,218.48,267,169,2017,2789,15.678516139096802,85.86634166152214,1.0515845574304665,-2.3579729953729185,2.58183398543248
G0010917.JPG,2024:03:25 16:06:30. 910,1711362990.091,15.678897299972222,85.86671199999999,142.313,-3.84,22.21,218.48,228,179,1978,2799,15.678501764071003,85.8663667786106,-3.194446983114375,5.373897163563157,6.251660759548672
G0010918.JPG,2024:03:25 16:06:30.5920,1711362990.592,15.678896999972222,85.86671199999999,142.312,-3.84,22.21,218.48,237,153,1987,2773,15.67849666337105,85.86635422653121,-1.131225458037034,-2.6802055091475507,2.9091532459078153
G0010919.JPG,2024:03:25 16:06:31. 920,1711362991.092,15.678896699972222,85.86671209999999,142.349,-3.84,22.21,218.48,250,183,2000,2803,15.67851217109541,85.8663551753568,3.4461575226755983,0.20300486869587084,3.4521316092825667
G0010920.JPG,2024:03:25 16:06:31.5930,1711362991.593,15.678896499999999,85.86671209999999,142.371,-3.84,22.21,218.48,251,196,2001,2816,15.678516722431992,85.8663582078859,1.0093884873324985,0.6475262248451346,1.199231141282439
G0010921.JPG,2024:03:25 16:06:32. 930,1711362992.093,15.678896199999999,85.86671209999999,142.415,-3.84,22.21,218.48,251,187,2001,2807,15.678513282383635,85.86635556003588,-0.7644544258549573,-0.5665176226040347,0.9514897718473698
G0010922.JPG,2024:03:25 16:06:32.5940,1711362992.594,15.678895999972221,85.86671189997222,142.47,-3.84,22.21,218.48,254,178,2004,2798,15.678511237693987,85.86635093599622,-0.45346793654791184,-0.9873559198377615,1.086510415005624
G0010923.JPG,2024:03:25 16:06:33. 940,1711362993.094,15.678895999972221,85.86671179999999,142.515,-3.84,22.21,218.48,242,180,1992,2800,15.678506456992706,85.86635825257545,-1.0623770002794828,1.5654101172642136,1.8918651447595283
G0010924.JPG,2024:03:25 16:06:33.5950,1711362993.595,15.678895799972222,85.86671179999999,142.558,-3.84,22.21,218.48,253,186,2003,2806,15.678513050148021,85.86635345897963,1.4622199327114802,-1.0235611863142504,1.7848710412093647
G0010925.JPG,2024:03:25 16:06:34. 950,1711362994.095,15.6788957,85.86671149997221,142.596,-3.84,22.21,218.48,273,188,2023,2808,15.678522417456556,85.86634201658323,2.0816220370826706,-2.448144378610724,3.2134967253432043
G0010926.JPG,2024:03:25 16:06:34.5960,1711362994.596,15.67889549997222,85.86671129999999,142.603,-3.84,22.21,218.48,272,160,2022,2780,15.678512322745565,85.86633439238226,-2.2387896110783703,-1.6279711923558324,2.7681165303890136
G0010927.JPG,2024:03:25 16:06:35. 960,1711362995.096,15.6788951,85.86671099997221,142.623,-3.84,22.21,218.48,274,178,2024,2798,15.67851883123664,85.8663380170311,1.4463299038603878,0.7755074608270849,1.6411221808869902
G0010928.JPG,2024:03:25 16:06:35.5970,1711362995.597,15.67889489997222,85.86671089999999,142.639,-3.84,22.21,218.48,269,190,2019,2810,15.678520395789104,85.86634419785057,0.3469840595444637,1.319770551955797,1.364621649904348
G0010929.JPG,2024:03:25 16:06:36. 970,1711362996.097,15.678894599972221,85.86671069997222,142.672,-3.84,22.21,218.48,279,172,2029,2792,15.678518411567456,85.86633296228119,-0.4409377029358694,-2.4038929276425387,2.4439982130599396
G0010930.JPG,2024:03:25 16:06:36.5980,1711362996.598,15.6788942,85.86671029997221,142.687,-3.84,22.21,218.48,287,220,2037,2840,15.678537606701456,85.8663415437454,4.257065523786014,1.832371575524435,4.634672854107115
G0010931.JPG,2024:03:25 16:06:37. 980,1711362997.098,15.678893799999999,85.86670959997221,142.691,-3.84,22.21,218.48,246,163,1996,2783,15.67849980412068,85.86634847208522,-8.400565105182725,1.4823447377618062,8.530348176246019
G0010932.JPG,2024:03:25 16:06:37.5990,1711362997.599,15.678893499972222,85.86670909997221,142.701,-3.84,22.21,218.48,256,142,2006,2762,15.678496806022393,85.86633612284463,-0.664913666577878,-2.636894000237656,2.719433792628786
G0010933.JPG,2024:03:25 16:06:38. 990,1711362998.099,15.678892899972222,85.86670889999999,142.662,-3.77,22.36,218.41,250,160,2000,2780,15.678495207702326,85.86634398190944,-0.3551818818222934,1.6814770882839487,1.7185806258650456
G0010934.JPG,2024:03:25 16:06:38.6000,1711362998.6,15.678892399999999,85.86670889999999,142.65,-3.77,22.36,218.41,260,193,2010,2813,15.678510364409052,85.86634755418301,3.361431306553436,0.76277617783968,3.4468896016781927
G0010935.JPG,2024:03:25 16:06:39.1000,1711362999.1,15.6788919,85.86670869999999,142.619,-3.77,22.36,218.41,258,193,2008,2813,15.678509058826625,85.86634859533233,-0.2901291379083162,0.22275787877536532,0.3657813407213702
G0010936.JPG,2024:03:25 16:06:39.6010,1711362999.601,15.678891499999999,85.86670839997221,142.593,-3.77,22.36,218.41,279,212,2029,2832,15.678524435277339,85.86634154157397,3.4101641703736942,-1.5061656956643412,3.727969255733818
G0010937.JPG,2024:03:25 16:06:40.1010,1711363000.101,15.67889109997222,85.8667078,142.563,-3.77,22.36,218.41,244,148,1994,2768,15.678486924802145,85.8663432223517,-8.335652818453074,0.359608830811482,8.343406164210291
G0010938.JPG,2024:03:25 16:06:40.6020,1711363000.602,15.6788907,85.86670749999999,142.534,-3.77,22.36,218.41,260,171,2010,2791,15.67850154643872,85.86634020764807,3.242764264570057,-0.6437200759095442,3.3060392634845663
G0010939.JPG,2024:03:25 16:06:41.1020,1711363001.102,15.678890299999999,85.86670729999999,142.509,-3.77,22.36,218.41,264,167,2014,2787,15.678501640601205,85.86633660197667,0.02092497552661854,-0.7714472167627155,0.7717309523737724
G0010940.JPG,2024:03:25 16:06:41.6030,1711363001.603,15.678889899972221,85.86670699999999,142.444,-3.77,22.36,218.41,246,168,1996,2788,15.678493752136175,85.86634723931628,-1.7494917459279098,2.271357245044979,2.8670167602733336
G0010941.JPG,2024:03:25 16:06:42.1030,1711363002.103,15.678889699972222,85.86670689997221,142.421,-3.77,22.36,218.41,260,179,2010,2799,15.678503558620948,85.8663421700281,2.1792166591517272,-1.0845936537021894,2.434199794835149
G0010942.JPG,2024:03:25 16:06:42.6040,1711363002.604,15.678889299972221,85.86670649999999,142.349,-3.77,22.36,218.41,229,168,1979,2788,15.678485870864387,85.86635686196433,-3.922761812935495,3.1371208983995604,5.022906307328481
G0010943.JPG,2024:03:25 16:06:43.1040,1711363003.104,15.678889399972222,85.86670619997221,142.338,-3.77,22.36,218.41,236,122,1986,2742,15.678473412382726,85.86633946315914,-2.768548711765394,-3.722541467982053,4.639200033439365
G0010944.JPG,2024:03:25 16:06:43.6050,1711363003.605,15.678889299972221,85.86670629999999,142.303,-3.77,22.36,218.41,283,165,2033,2785,15.67850897938012,85.86632449526083,7.887994449308887,-3.1960477511664207,8.510885832865092
G0010945.JPG,2024:03:25 16:06:44.1050,1711363004.105,15.678889099972222,85.86670609999999,142.309,-3.77,22.36,218.41,272,180,2022,2800,15.67850892865878,85.86633496407046,-0.011271397226497726,2.239841870963774,2.2398702309102503
G0010946.JPG,2024:03:25 16:06:44.6060,1711363004.606,15.678889099972222,85.86670589997222,142.289,-3.77,22.36,218.41,278,170,2028,2790,15.678508278875396,85.86632847582447,-0.1441079682085301,-1.3854144247908142,1.3928891682110438
G0010947.JPG,2024:03:25 16:06:45.1060,1711363005.106,15.678888799972222,85.86670549997221,142.308,-3.77,22.36,218.41,263,158,2013,2778,15.6784971969924,85.86633334419388,-2.4626382033666054,1.0416062897815042,2.6738606140921206
G0010948.JPG,2024:03:25 16:06:45.6070,1711363005.607,15.678888599999999,85.86670519997222,142.28,-3.77,22.36,218.41,272,144,2022,2764,15.67849633171909,85.86632386316835,-0.19189890377857843,-2.0244522275771484,2.033526988021919
G0010949.JPG,2024:03:25 16:06:46.1070,1711363006.107,15.678888299999999,85.86670489999999,142.269,-3.6,22.59,218.4,269,182,2019,2802,15.678500306860355,85.86633567126533,0.8833638422007439,2.526387654988432,2.6763718465462922
G0010950.JPG,2024:03:25 16:06:46.6080,1711363006.608,15.6788881,85.86670459999999,142.252,-3.6,22.59,218.4,276,135,2026,2755,15.6784873015162,85.86631787645065,-2.8843053964062624,-3.7996701703211206,4.770399461572
G0010951.JPG,2024:03:25 16:06:47.1080,1711363007.108,15.6788878,85.86670429997221,142.252,-3.6,22.59,218.4,265,172,2015,2792,15.678494689581491,85.86633460004069,1.6417906453168456,3.5780763811925986,3.936763532738311
G0010952.JPG,2024:03:25 16:06:47.6090,1711363007.609,15.678887399999999,85.86670399997222,142.243,-3.6,22.59,218.4,275,171,2025,2791,15.678498424742346,85.86632820982585,0.8283782789069266,-1.3644822269725423,1.596252586744576
G0010953.JPG,2024:03:25 16:06:48.1090,1711363008.109,15.678887099999999,85.86670359997221,142.295,-3.6,22.59,218.4,234,148,1984,2768,15.678471898216648,85.86634504388729,-5.8947775936142435,3.6017122658171896,6.908019551500598
G0010954.JPG,2024:03:25 16:06:48.6100,1711363008.61,15.678886699972221,85.86670329997222,142.311,-3.6,22.59,218.4,246,134,1996,2754,15.678471999297445,85.86633370162126,0.02241754504508707,-2.4218782438796076,2.421981993017954
G0010955.JPG,2024:03:25 16:06:49.1100,1711363009.11,15.6788863,85.86670319999999,142.322,-3.6,22.59,218.4,246,145,1996,2765,15.67847533670924,85.86633671377128,0.7416463240888937,0.6444611309740348,0.982532146736635
G0010956.JPG,2024:03:25 16:06:49.6110,1711363009.611,15.678885999999999,85.86670309997221,142.344,-3.6,22.59,218.4,250,176,2000,2796,15.678487321508305,85.86634303629086,2.6579691971447965,1.350026933217999,2.9811697324011175
G0010957.JPG,2024:03:25 16:06:50.1110,1711363010.111,15.678885499972221,85.86670299999999,142.343,-3.6,22.59,218.4,224,179,1974,2799,15.678476299774365,85.86635890560314,-2.449271759557405,3.39530052344599,4.186525742985231
G0010958.JPG,2024:03:25 16:06:50.6120,1711363010.612,15.678885399999999,85.86670289999999,142.304,-3.6,22.59,218.4,234,175,1984,2795,15.678479387732787,85.86635196246702,0.6848427103730844,-1.4825458829531448,1.633080473526174
G0010959.JPG,2024:03:25 16:06:51.1120,1711363011.112,15.678885399999999,85.86670279997222,142.256,-3.6,22.59,218.4,249,158,1999,2778,15.678480401719753,85.8663384335299,0.22533021144811372,-2.8945682648962814,2.9033255319264355
G0010960.JPG,2024:03:25 16:06:51.6130,1711363011.613,15.678885299972222,85.86670279997222,142.201,-3.6,22.59,218.4,280,173,2030,2793,15.678499341150193,85.86632477725405,4.20035800409752,-2.915981196184511,5.113311422071587
G0010961.JPG,2024:03:25 16:06:52.1130,1711363012.113,15.678885099999999,85.86670249999999,142.179,-3.6,22.59,218.4,263,161,2013,2781,15.678487569161476,85.8663310224648,-2.615994876704164,1.336186834438404,2.9374860768127835
G0010962.JPG,2024:03:25 16:06:52.6140,1711363012.614,15.678884799999999,85.86670219999999,142.161,-3.6,22.59,218.4,250,162,2000,2782,15.678481878509194,85.8663386304683,-1.2620635853528774,1.62451208409285,2.0571446241908844
G0010963.JPG,2024:03:25 16:06:53.1140,1711363013.114,15.678884499999999,85.86670199999999,142.133,-3.6,22.59,218.4,238,148,1988,2768,15.678471549274649,85.86634152016619,-2.2953831590646914,0.6182620143651003,2.37718988836075
G0010964.JPG,2024:03:25 16:06:53.6150,1711363013.615,15.678884199999999,85.86670189997221,142.102,-3.6,22.59,218.4,277,180,2027,2800,15.67849954034593,85.86632788284948,6.207817107924955,-2.9119329725874854,6.856846715676816
G0010965.JPG,2024:03:25 16:06:54.1150,1711363014.115,15.678883899999999,85.86670169997221,142.081,-3.6,22.59,218.4,245,165,1995,2785,15.678480004911544,85.8663420954265,-4.341203300258407,3.040835512857517,5.300257230590787
G0010966.JPG,2024:03:25 16:06:54.6160,1711363014.616,15.6788837,85.86670139997221,142.041,-3.6,22.59,218.4,248,156,1998,2776,15.678478188648134,85.86633759869645,-0.40280812960445544,-0.9601725332720067,1.0412423747261839
G0010967.JPG,2024:03:25 16:06:55.1160,1711363015.116,15.678883299999999,85.86670099999999,142.001,-3.6,22.59,218.4,257,174,2007,2794,15.678488009575599,85.86633717115679,2.1824261431367695,-0.09147375756861796,2.184342308011855
G0010968.JPG,2024:03:25 16:06:55.6170,1711363015.617,15.678882899972221,85.86670079999999,141.967,-3.33,22.7,218.47,225,152,1975,2772,15.678460116874183,85.86635235471869,-6.185997845401796,3.242096441325204,6.984107579223648
G0010969.JPG,2024:03:25 16:06:56.1170,1711363016.117,15.678882599972221,85.86670069997221,141.91,-3.33,22.7,218.47,243,166,1993,2786,15.678472763408635,85.86634589365984,2.8103381791129713,-1.3823685454183,3.1319232871100016
G0010970.JPG,2024:03:25 16:06:56.6180,1711363016.618,15.678882299972221,85.86670059999999,141.88,-3.33,22.7,218.47,242,167,1992,2787,15.67847244607574,85.86634673199401,-0.07037760579636805,0.179006847791332,0.19234463588522058
G0010971.JPG,2024:03:25 16:06:57.1180,1711363017.118,15.678882199999999,85.86670049997221,141.815,-3.33,22.7,218.47,237,160,1987,2780,15.678467930640867,85.86634771827559,-1.0034289681771504,0.21101875667704134,1.0253773012148188
G0010972.JPG,2024:03:25 16:06:57.6190,1711363017.619,15.678881999972221,85.86670049997221,141.767,-3.33,22.7,218.47,244,169,1994,2789,15.67847403965716,85.86634631867594,1.3548483185827696,-0.298852095131286,1.3874172195597534
G0010973.JPG,2024:03:25 16:06:58.1190,1711363018.119,15.678881699972221,85.86670039997222,141.753,-3.33,22.7,218.47,236,165,1986,2785,15.678468870433631,85.8663497640546,-1.1487151911108207,0.7371520818959444,1.3648955205920688
G0010974.JPG,2024:03:25 16:06:58.6200,1711363018.62,15.678881399972221,85.86670049997221,141.756,-3.33,22.7,218.47,258,165,2008,2785,15.678478329339448,85.8663370892234,2.0977817091002726,-2.706416652405375,3.424234103482526
G0010975.JPG,2024:03:25 16:06:59.1200,1711363019.12,15.678881299999999,85.86670049997221,141.711,-3.33,22.7,218.47,253,189,2003,2809,15.678484260613997,85.86634688687276,1.318059692792918,2.096244845625592,2.4761913913462394
G0010976.JPG,2024:03:25 16:06:59.6210,1711363019.621,15.678881099972221,85.86670039997222,141.694,-3.33,22.7,218.47,240,168,1990,2788,15.678471236090084,85.86634843740394,-2.8885576789237657,0.33107985899206493,2.907469576366992
G0010977.JPG,2024:03:25 16:07:00.1210,1711363020.121,15.678880699999999,85.86670029999999,141.667,-3.33,22.7,218.47,264,165,2014,2785,15.678480546898857,85.86633363465575,2.0690665471239633,-3.167105119431428,3.7830663771544164
G0010978.JPG,2024:03:25 16:07:00.6220,1711363020.622,15.678880399999999,85.86670019997221,141.644,-3.33,22.7,218.47,266,178,2016,2798,15.678485596792092,85.86633612217653,1.1199576214046314,0.531152428624351,1.239527319656919
G0010979.JPG,2024:03:25 16:07:01.1220,1711363021.122,15.67887999997222,85.86670009999999,141.627,-3.33,22.7,218.47,247,172,1997,2792,15.678474789868494,85.8663453770711,-2.401536175746685,1.9801203767870938,3.1125958153906645
G0010980.JPG,2024:03:25 16:07:01.6230,1711363021.623,15.678879499999999,85.8666999,141.592,-3.33,22.7,218.47,254,135,2004,2755,15.678464909288845,85.86633070349359,-2.1912998885593966,-3.133202694119764,3.8234479627738853
G0010981.JPG,2024:03:25 16:07:02.1230,1711363022.123,15.678878899999999,85.8666999,141.54,-3.33,22.7,218.47,236,168,1986,2788,15.67846770983032,85.86635063557877,0.6223419276946736,4.2645467679054345,4.3097179270364565
G0010982.JPG,2024:03:25 16:07:02.6240,1711363022.624,15.678878399999999,85.8666999,141.48,-3.33,22.7,218.47,246,178,1996,2798,15.678475198090936,85.8663478136534,1.6607342309908926,-0.6025565250519931,1.7666670744279027
G0010983.JPG,2024:03:25 16:07:03.1240,1711363023.124,15.678877899972221,85.86669979999999,141.437,-3.33,22.7,218.47,250,182,2000,2802,15.678477941242987,85.86634663455106,0.6095887349438875,-0.2522734966996777,0.6597274762411912
G0010984.JPG,2024:03:25 16:07:03.6250,1711363023.625,15.678877599972221,85.86669949997221,141.398,-3.33,22.7,218.47,224,155,1974,2775,15.67845709136421,85.86635387397793,-4.624054323093258,1.5458119874315572,4.875593613438732
G0010985.JPG,2024:03:25 16:07:04.1250,1711363024.125,15.678877299972221,85.86669949997221,141.379,-3.33,22.7,218.47,258,173,2008,2793,15.678478006344532,85.86633931797485,4.647768757084869,-3.1143131764707963,5.594702939430641
G0010986.JPG,2024:03:25 16:07:04.6260,1711363024.626,15.678877099972222,85.86669939999999,141.326,-3.33,22.7,218.47,251,164,2001,2784,15.67847181347379,85.86634086104766,-1.3734454303580523,0.32948745938080315,1.4124143641511977
G0010987.JPG,2024:03:25 16:07:05.1260,1711363025.126,15.678876799972222,85.86669929997221,141.28,-3.33,22.7,218.47,262,166,2012,2786,15.678477192162372,85.86633507730343,1.195262934185795,-1.2374544129388587,1.7204496231916504
G0010988.JPG,2024:03:25 16:07:05.6270,1711363025.627,15.67887649997222,85.86669909999999,141.236,-3.33,22.7,218.47,270,196,2020,2816,15.678490647630229,85.86633883896329,2.9841317241581415,0.8032149188991331,3.090339197089728
G0010989.JPG,2024:03:25 16:07:06.1270,1711363026.127,15.67887619997222,85.86669869999999,141.205,-3.33,22.7,218.47,262,192,2012,2812,15.6784855590406,85.86634200432728,-1.1307965642886373,0.6772418048044331,1.318088514471525
G0010990.JPG,2024:03:25 16:07:06.6280,1711363026.628,15.678875999999999,85.86669819999999,141.149,-3.33,22.7,218.47,259,147,2009,2767,15.678469002804231,85.86633066782449,-3.671816857033331,-2.420647574096258,4.397928342932866
G0010991.JPG,2024:03:25 16:07:07.1280,1711363027.128,15.678875699999999,85.86669769999999,141.076,-3.33,22.7,218.47,230,149,1980,2769,15.678456759397633,85.8663477083966,-2.7207543009961697,3.645896418284755,4.549182856211735
G0010992.JPG,2024:03:25 16:07:07.6290,1711363027.629,15.6788755,85.86669749999999,141.03,-3.16,22.37,218.51,254,142,2004,2762,15.67846934876742,85.86634038939319,2.792051234991177,-1.5628037516912114,3.199672743440473
G0010993.JPG,2024:03:25 16:07:08.1290,1711363028.129,15.678875299972221,85.86669729997222,141.026,-3.16,22.37,218.51,234,150,1984,2770,15.678463031381332,85.86635398723602,-1.4038621712538344,2.9093111047692304,3.230312693875175
G0010994.JPG,2024:03:25 16:07:08.6300,1711363028.63,15.678875099999999,85.86669739999999,141.007,-3.16,22.37,218.51,243,152,1993,2772,15.678467535093363,85.8663495068834,0.9988259116112624,-0.9566751225144721,1.3830692288327977
G0010995.JPG,2024:03:25 16:07:09.1300,1711363029.13,15.678874699972221,85.86669739999999,140.989,-3.16,22.37,218.51,246,161,1996,2781,15.678471546448801,85.8663503455784,0.891411428151752,0.17944203873628106,0.9092930108086057
G0010996.JPG,2024:03:25 16:07:09.6310,1711363029.631,15.678874399972221,85.86669739999999,140.998,-3.16,22.37,218.51,249,182,1999,2802,15.678479598516121,85.86635446809524,1.7857752125261994,0.8802679853374739,1.9909457138965612
G0010997.JPG,2024:03:25 16:07:10.1310,1711363030.131,15.678874099972221,85.86669729997222,140.999,-3.16,22.37,218.51,240,167,1990,2787,15.678470293424926,85.86635535167994,-2.067795975611748,0.18904635919183996,2.0764196884733663
G0010998.JPG,2024:03:25 16:07:10.6320,1711363030.632,15.678873999999999,85.86669719999999,140.994,-3.16,22.37,218.51,254,142,2004,2762,15.678467952443546,85.86634018055359,-0.5191792809904762,-3.239442739014214,3.280782892110007
G0010999.JPG,2024:03:25 16:07:11.1320,1711363031.132,15.678873799972221,85.86669719999999,140.993,-3.16,22.37,218.51,258,169,2008,2789,15.678478617813697,85.86634547020391,2.3700798858034844,1.1317411194433666,2.6264265888330445
G0011000.JPG,2024:03:25 16:07:11.6330,1711363031.633,15.678873599972222,85.86669699999999,140.949,-3.16,22.37,218.51,245,156,1995,2776,15.678468434780218,85.86634921914683,-2.2583776379874796,0.8004999343173859,2.396052941945158
G0011001.JPG,2024:03:25 16:07:12.1330,1711363032.133,15.678873499972221,85.86669689997221,140.942,-3.16,22.37,218.51,249,174,1999,2794,15.678476173132154,85.86635187162013,1.7196320439498507,0.567506911525706,1.8108557262268539
G0011002.JPG,2024:03:25 16:07:12.6340,1711363032.634,15.678873199972221,85.86669669999999,140.938,-3.16,22.37,218.51,231,162,1981,2782,15.678463919308752,85.86635867924467,-2.717632976009319,1.4536098900176537,3.0819653964070404
G0011003.JPG,2024:03:25 16:07:13.1340,1711363033.134,15.678873099999999,85.86669659997222,140.946,-3.16,22.37,218.51,254,181,2004,2801,15.678480310036882,85.86635064461721,3.6423803863766118,-1.7190395918496812,4.027658376452471
G0011004.JPG,2024:03:25 16:07:13.6350,1711363033.635,15.678872799999999,85.86669629999999,140.928,-3.16,22.37,218.51,241,187,1991,2807,15.678476350532026,85.86635951921735,-0.8781329494027433,1.894965280011808,2.08854276692554
G0011005.JPG,2024:03:25 16:07:14.1350,1711363034.135,15.6788726,85.86669599999999,140.922,-3.16,22.37,218.51,244,160,1994,2780,15.678468419609352,85.86634998155253,-1.7624254984946575,-2.040620242002121,2.6963446756327234
G0011006.JPG,2024:03:25 16:07:14.6360,1711363034.636,15.67887239997222,85.86669579999999,140.918,-3.16,22.37,218.51,237,167,1987,2787,15.678467504296139,85.86635577239058,-0.20299676885600146,1.2364993826750927,1.2530516396070284
G0011007.JPG,2024:03:25 16:07:15.1360,1711363035.136,15.678872,85.86669569997221,140.897,-3.16,22.37,218.51,242,175,1992,2795,15.678472054530266,85.86635508095009,1.0111621282291239,-0.14793636655297093,1.0219266207090145
G0011008.JPG,2024:03:25 16:07:15.6370,1711363035.637,15.678871799972221,85.86669549999999,140.883,-3.16,22.37,218.51,246,180,1996,2800,15.67847533096153,85.8663540119799,0.7266415842376701,-0.228253718449779,0.7616480499086058
G0011009.JPG,2024:03:25 16:07:16.1370,1711363036.137,15.6788714,85.86669519997221,140.849,-3.16,22.37,218.51,241,162,1991,2782,15.678466780841513,85.86635164500684,-1.900024770687473,-0.5064230331182669,1.9663566354297712
G0011010.JPG,2024:03:25 16:07:16.6380,1711363036.638,15.678870999972222,85.86669519997221,140.804,-3.16,22.37,218.51,234,174,1984,2794,15.678467465375668,85.86635911711318,0.15181494124604403,1.595495303632913,1.6027017939405386
G0011011.JPG,2024:03:25 16:07:17.1380,1711363037.138,15.678870699972222,85.86669489997222,140.774,-3.07,22.08,218.6,224,164,1974,2784,15.67846451015251,85.86636776091203,-0.6567156005595685,1.8493742211315625,1.962513793532236
G0011012.JPG,2024:03:25 16:07:17.6390,1711363037.639,15.678870699972222,85.86669499999999,140.715,-3.16,22.37,218.51,239,167,1989,2787,15.67846726701275,85.86635431441667,0.611412260087343,-2.8711877708620386,2.9355653914251056
G0011013.JPG,2024:03:25 16:07:18.1390,1711363038.139,15.678870499999999,85.86669499999999,140.7,-3.07,22.08,218.6,234,172,1984,2792,15.678471595082964,85.86636453263823,0.9617924193420393,2.18622801738841,2.38843831863372
G0011014.JPG,2024:03:25 16:07:18.6400,1711363038.64,15.678870199999999,85.86669499999999,140.679,-3.07,22.08,218.6,236,172,1986,2792,15.678472233177299,85.86636343919639,0.14151552123812633,-0.23347907124298495,0.2730185331800488
G0011015.JPG,2024:03:25 16:07:19.1400,1711363039.14,15.678869899999999,85.86669489997222,140.676,-3.07,22.08,218.6,255,182,2005,2802,15.678483621046327,85.86635526642786,2.530635031187348,-1.7485953589656889,3.07598754719016
G0011016.JPG,2024:03:25 16:07:19.6410,1711363039.641,15.678869599999999,85.86669489997222,140.626,-3.07,22.08,218.6,239,174,1989,2794,15.67847376806606,85.86636230477768,-2.1851789396287047,1.5028765582722896,2.652101986651568
G0011017.JPG,2024:03:25 16:07:20.1410,1711363040.141,15.678869399972221,85.86669469997221,140.615,-3.07,22.08,218.6,239,183,1989,2803,15.678476598348025,85.86636462232562,0.628950918681781,0.49584832952464697,0.8009025059288047
G0011018.JPG,2024:03:25 16:07:20.6420,1711363040.642,15.678869199972223,85.86669449997221,140.644,-3.07,22.08,218.6,240,167,1990,2787,15.67847141915775,85.86635934853742,-1.1486329219231348,-1.1260953275878816,1.6085547165517673
G0011019.JPG,2024:03:25 16:07:21.1420,1711363041.142,15.678868999999999,85.86669429999999,140.624,-3.07,22.08,218.6,239,178,1989,2798,15.67847450760842,85.86636281760636,0.686321684859589,0.7422207026100993,1.0109050531536254
G0011020.JPG,2024:03:25 16:07:21.6430,1711363041.643,15.67886889997222,85.86669399997221,140.643,-3.07,22.08,218.6,251,178,2001,2798,15.67847962412239,85.86635561955597,1.1347326665614392,-1.5369769260493973,1.9104754109304545
G0011021.JPG,2024:03:25 16:07:22.1430,1711363042.143,15.67886829997222,85.86669369997222,140.61,-3.07,22.08,218.6,238,173,1988,2793,15.678471740328405,85.8663614366068,-1.751952467077185,1.2445804795698003,2.149027225752161
G0011022.JPG,2024:03:25 16:07:22.6440,1711363042.644,15.678867799999999,85.86669339999999,140.576,-3.07,22.08,218.6,237,169,1987,2789,15.67846956190294,85.86636067954944,-0.4831276480262814,-0.1616519890442001,0.5094543059483869
G0011023.JPG,2024:03:25 16:07:23.1440,1711363043.144,15.678867099972221,85.86669309999999,140.557,-3.07,22.08,218.6,233,189,1983,2809,15.678473826380076,85.8663682338082,0.947660638085619,1.6162628560475472,1.8735971564922425
G0011024.JPG,2024:03:25 16:07:23.6450,1711363043.645,15.678866599972222,85.86669259997221,140.569,-3.07,22.08,218.6,229,168,1979,2788,15.678464535235571,85.86636418822359,-2.060575861039521,-0.8638409178321551,2.2343218233772557
G0011025.JPG,2024:03:25 16:07:24.1450,1711363044.145,15.678866199972221,85.86669239999999,140.659,-3.07,22.08,218.6,227,184,1977,2804,15.67846834451207,85.86636933976469,0.8465050418919766,1.1021921563952877,1.389747579802833
G0011026.JPG,2024:03:25 16:07:24.6460,1711363044.646,15.678865999972222,85.86669219999999,140.7,-3.07,22.08,218.6,231,166,1981,2786,15.678463769911987,85.86636178466668,-1.0145478307951656,-1.613216262884688,1.905721388820206
G0011027.JPG,2024:03:25 16:07:25.1460,1711363045.146,15.678865599972221,85.86669189999999,140.747,-3.07,22.08,218.6,247,201,1997,2821,15.678481922547492,85.86636192648798,4.033914967186661,0.030343215729986144,4.03402908681053
G0011028.JPG,2024:03:25 16:07:25.6470,1711363045.647,15.678865399972223,85.86669169999999,140.817,-3.07,22.08,218.6,242,169,1992,2789,15.678468678876293,85.86635554759137,-2.937159806945851,-1.36206497692187,3.237611578447199
G0011029.JPG,2024:03:25 16:07:26.1470,1711363046.147,15.678865,85.86669149999999,140.885,-3.07,22.08,218.6,261,178,2011,2798,15.67847945610157,85.86634681301544,2.3949365556246534,-1.8687962544313093,3.037782175542507
G0011030.JPG,2024:03:25 16:07:26.6480,1711363046.648,15.67886479997222,85.86669119999999,140.962,-3.15,21.73,218.69,236,170,1986,2790,15.678474073368038,85.8663620599621,-1.1937744350788233,3.2556322886967766,3.4675984486460907
G0011031.JPG,2024:03:25 16:07:27.1480,1711363047.148,15.6788644,85.86669089997221,141.157,-3.15,21.73,218.69,221,162,1971,2782,15.678463852934376,85.86636765784127,-2.271205209249395,1.1976878976640684,2.5676505608693256
G0011032.JPG,2024:03:25 16:07:27.6490,1711363047.649,15.678864199972221,85.86669079999999,141.313,-3.15,21.73,218.69,244,177,1994,2797,15.67847836095132,85.86635821110563,3.217565876046091,-2.01713163197182,3.7975716171518803
G0011033.JPG,2024:03:25 16:07:28.1490,1711363048.149,15.678863699999999,85.86669059997222,141.529,-3.15,21.73,218.69,248,191,1998,2811,15.6784836927255,85.86635910838281,1.1848375217158704,0.19197591054734736,1.200289424720675
G0011034.JPG,2024:03:25 16:07:28.6500,1711363048.65,15.6788635,85.86669049999999,141.747,-3.15,21.73,218.69,230,171,1980,2791,15.678468277612337,85.8663632473885,-3.4187386653335627,0.8837883759787277,3.5311267260411126
G0011035.JPG,2024:03:25 16:07:29.1500,1711363049.15,15.678863299972221,85.86669029999999,142.019,-3.15,21.73,218.69,226,182,1976,2802,15.6784692328211,85.86636777705881,0.2122684018740948,0.9691404817095527,0.9921144831733917
G0011036.JPG,2024:03:25 16:07:29.6510,1711363049.651,15.678863199999999,85.86669009997222,142.292,-3.15,21.73,218.69,244,181,1994,2801,15.67847602712723,85.86635632632583,1.5068308533787564,-2.44503884080919,2.8720644410875775
G0011037.JPG,2024:03:25 16:07:30.1510,1711363050.151,15.678862899999999,85.86669009997222,142.562,-3.15,21.73,218.69,227,183,1977,2803,15.678468106350708,85.86636604689926,-1.7601708002243086,2.079754248542313,2.724624557676173
G0011038.JPG,2024:03:25 16:07:30.6520,1711363050.652,15.678862699972221,85.86668989997222,142.832,-3.15,21.73,218.69,229,195,1979,2815,15.678472079993872,85.86636742900153,0.8812685218598176,0.2951159350733727,0.9293694759110711
G0011039.JPG,2024:03:25 16:07:31.1520,1711363051.152,15.678862599999999,85.86668959999999,143.129,-3.15,21.73,218.69,246,182,1996,2802,15.678474379347751,85.8663529868005,0.5109670176667045,-3.0899646995827794,3.131927383866188
G0011040.JPG,2024:03:25 16:07:31.6530,1711363051.653,15.678862599999999,85.86668929999999,143.431,-3.15,21.73,218.69,231,188,1981,2808,15.678468875630639,85.8663623575191,-1.220605408214936,2.0008989950492366,2.3438161939351376
G0011041.JPG,2024:03:25 16:07:32.1530,1711363052.153,15.678862599999999,85.86668899997221,143.773,-3.15,21.73,218.69,249,168,1999,2788,15.67846924105088,85.86634516027819,0.08120441693360192,-3.679416201470244,3.6803121798254077
G0011042.JPG,2024:03:25 16:07:32.6540,1711363052.654,15.678862499972222,85.86668869997222,144.101,-3.15,21.73,218.69,234,158,1984,2778,15.678458084921042,85.86634999346852,-2.474189464717936,1.0320159086020702,2.6807965873838664
G0011043.JPG,2024:03:25 16:07:33.1540,1711363053.154,15.678862099972221,85.86668869997222,144.445,-3.15,21.73,218.69,241,179,1991,2799,15.678467037107932,85.86635106071837,1.9893728751704849,0.22834224120607913,2.002434671988851
G0011044.JPG,2024:03:25 16:07:33.6550,1711363053.655,15.678862099972221,85.86668849997221,144.754,-3.15,21.73,218.69,241,157,1991,2777,15.67845867703903,85.8663438643428,-1.8540833336460343,-1.5366194169659546,2.408074799648213
G0011045.JPG,2024:03:25 16:07:34.1550,1711363054.155,15.678861799972221,85.86668839999999,145.122,-3.15,21.73,218.69,235,145,1985,2765,15.67845050071141,85.86634298024005,-1.8169598764362256,-0.18915721524839182,1.826779582943621
G0011046.JPG,2024:03:25 16:07:34.6560,1711363054.656,15.678861899972222,85.86668849997221,145.498,-3.15,21.73,218.69,226,161,1976,2781,15.678450961604813,85.86635208547509,0.10221623624436502,1.9442122822743495,1.946897418329584
G0011047.JPG,2024:03:25 16:07:35.1560,1711363055.156,15.678861599972223,85.86668859999999,145.79,-3.15,21.73,218.69,241,172,1991,2792,15.678460454427485,85.86634580971861,2.10951403980172,-1.3427224570092309,2.500590546386489
G0011048.JPG,2024:03:25 16:07:35.6570,1711363055.657,15.6788615,85.86668839999999,146.172,-3.15,21.73,218.69,238,172,1988,2792,15.678457934372501,85.86634648649968,-0.5588936858523511,0.14451086470598226,0.5772742347478339
G0011049.JPG,2024:03:25 16:07:36.1570,1711363056.157,15.678861399999999,85.86668829999999,146.505,-3.15,21.73,218.69,243,188,1993,2808,15.678464716792426,85.8663472502119,1.5072029206276163,0.16339918977116094,1.516034280340088
G0011050.JPG,2024:03:25 16:07:36.6580,1711363056.658,15.678861399999999,85.86668799997221,146.825,-3.24,21.24,218.78,247,171,1997,2791,15.678471868755286,85.86634497114372,1.5861514178017755,-0.48664224000205014,1.659125368966672
G0011051.JPG,2024:03:25 16:07:37.1580,1711363057.158,15.67886129997222,85.86668789999999,147.126,-3.24,21.24,218.78,234,169,1984,2789,15.678464317541849,85.86635129957605,-1.6780457525416743,1.3539925792089746,2.156184929957569
G0011052.JPG,2024:03:25 16:07:37.6590,1711363057.659,15.6788612,85.86668759999999,147.435,-3.24,21.24,218.78,234,177,1984,2797,15.678466143092436,85.86635260005342,0.40486782561373724,0.2776868335406439,0.49094595806363944
G0011053.JPG,2024:03:25 16:07:38.1590,1711363058.159,15.67886099997222,85.86668719999999,147.72,-3.24,21.24,218.78,233,149,1983,2769,15.678455020016937,85.86634403931389,-2.4717920835135985,-1.8316034067553992,3.076447162516932
G0011054.JPG,2024:03:25 16:07:38.6600,1711363058.66,15.6788609,85.86668669999999,148.002,-3.24,21.24,218.78,226,151,1976,2771,15.678451606992176,85.8663476490894,-0.7569350670032567,0.7707836691892299,1.0803046608934153
G0011055.JPG,2024:03:25 16:07:39.1600,1711363059.16,15.678860499999999,85.8666865,148.313,-3.24,21.24,218.78,263,154,2013,2774,15.678468534967617,85.86632544203134,3.761768558438824,-4.751286166863017,6.060166905843664
G0011056.JPG,2024:03:25 16:07:39.6610,1711363059.661,15.678860199999999,85.86668619999999,148.621,-3.24,21.24,218.78,203,176,1953,2796,15.67844727685157,85.86636674575144,-4.714592562695179,8.819453508272437,10.00050714798003
G0011057.JPG,2024:03:25 16:07:40.1610,1711363060.161,15.678860199999999,85.86668589997221,148.967,-3.24,21.24,218.78,227,130,1977,2750,15.67844132471072,85.86633788328135,-1.322696643864255,-6.175237848204841,6.315305922407189
G0011058.JPG,2024:03:25 16:07:40.6620,1711363060.662,15.678859899999999,85.86668569999999,149.391,-3.24,21.24,218.78,220,151,1970,2771,15.678443968653523,85.86634708474469,0.5863696034405912,1.9647596883389051,2.0503926318538768
G0011059.JPG,2024:03:25 16:07:41.1620,1711363061.162,15.678859899999999,85.86668559997221,149.683,-3.24,21.24,218.78,226,180,1976,2800,15.678456140240684,85.86635118669332,2.704794441954217,0.8776278558086457,2.8436145355019034
G0011060.JPG,2024:03:25 16:07:41.6630,1711363061.663,15.678859199972221,85.86668549999999,150.077,-3.24,21.24,218.78,228,155,1978,2775,15.67844651726194,85.8663416617173,-2.134168537204601,-2.0338372846292074,2.9480789415383595
G0011061.JPG,2024:03:25 16:07:42.1630,1711363062.163,15.678858999972222,85.8666853,150.374,-3.24,21.24,218.78,202,203,1952,2823,15.67845023832624,85.86637052928948,0.8269023511261686,6.1763293378833675,6.231437361339419
G0011062.JPG,2024:03:25 16:07:42.6640,1711363062.664,15.678858499999999,85.86668479999999,150.817,-3.24,21.24,218.78,234,214,1984,2834,15.678467369370784,85.86635297697683,3.7992969374814294,-3.7478901268597653,5.336790947954461
G0011063.JPG,2024:03:25 16:07:43.1640,1711363063.164,15.678858199999999,85.86668419997221,151.095,-3.24,21.24,218.78,212,173,1962,2793,15.6784415703846,85.86635308057448,-5.733102307938797,0.02216512088723299,5.733145154788696
G0011064.JPG,2024:03:25 16:07:43.6650,1711363063.665,15.678858399972222,85.86668339997222,151.477,-3.24,21.24,218.78,207,155,1957,2775,15.67843194770992,85.86634918210142,-2.1341021179010613,-0.8324287850572546,2.290705029422534
G0011065.JPG,2024:03:25 16:07:44.1650,1711363064.165,15.678858299972221,85.86668309999999,151.722,-3.26,20.99,218.74,217,155,1967,2775,15.678441339043358,85.86634656462917,2.086960899462092,-0.5600183992626409,2.160793003366198
G0011066.JPG,2024:03:25 16:07:44.6660,1711363064.666,15.678858099972222,85.86668259999999,152.082,-3.26,20.99,218.74,228,145,1978,2765,15.67844178627822,85.8663355518971,0.09918706585573374,-2.3515142479972257,2.3536051777150364
G0011067.JPG,2024:03:25 16:07:45.1660,1711363065.166,15.678857999972221,85.86668229997221,152.38,-3.26,20.99,218.74,229,136,1979,2756,15.678438120924618,85.86633126890447,-0.8145222083336989,-0.9163629659347694,1.2260373212939208
G0011068.JPG,2024:03:25 16:07:45.6670,1711363065.667,15.678857599999999,85.86668199997222,152.674,-3.26,20.99,218.74,225,163,1975,2783,15.678444683727712,85.8663408137041,1.455487770536667,2.0380702533421804,2.5044310746634766
G0011069.JPG,2024:03:25 16:07:46.1670,1711363066.167,15.67885749997222,85.86668169999999,152.992,-3.26,20.99,218.74,219,151,1969,2771,15.678436564143121,85.86633992207715,-1.8043503268612575,-0.19076706160777746,1.8144068380158824
G0011070.JPG,2024:03:25 16:07:46.6680,1711363066.668,15.67885719997222,85.86668129997221,153.417,-3.26,20.99,218.74,230,132,1980,2752,15.67843349714112,85.86632605528096,-0.6801950273670577,-2.9609337281353256,3.038057573131923
G0011071.JPG,2024:03:25 16:07:47.1680,1711363067.168,15.6788565,85.86668099997222,153.692,-3.26,20.99,218.74,232,148,1982,2768,15.678438776538954,85.86632869982397,1.1731983455686468,0.5658102942118642,1.3025112848191092
G0011072.JPG,2024:03:25 16:07:47.6690,1711363067.669,15.6788559,85.86668059997221,154.114,-3.26,20.99,218.74,207,133,1957,2753,15.678419587484871,85.86633836238069,-4.2557191549368225,2.0632156514118742,4.729482461107886
G0011073.JPG,2024:03:25 16:07:48.1690,1711363068.169,15.678855399972221,85.86668059997221,154.383,-3.26,20.99,218.74,229,149,1979,2769,15.678434718143457,85.86632888659001,3.362365212210271,-2.0273824784746077,3.9262933581569865
G0011074.JPG,2024:03:25 16:07:48.6700,1711363068.67,15.678854799972221,85.86668059997221,154.751,-3.26,20.99,218.74,230,175,1980,2795,15.678443010499135,85.86633527433452,1.839065123009139,1.363954481737811,2.28965769383139
G0011075.JPG,2024:03:25 16:07:49.1700,1711363069.17,15.678854499972221,85.86668039999999,155.086,-3.45,21.01,218.64,235,158,1985,2778,15.678440137165753,85.86632242939324,-0.6385178909881759,-2.7482252341644724,2.8214264184646667
G0011076.JPG,2024:03:25 16:07:49.6710,1711363069.671,15.678854399999999,85.86668009997221,155.436,-3.45,21.01,218.64,230,149,1980,2769,15.678433406678108,85.86632172498112,-1.492677287148304,-0.1504109203292733,1.500236290896444
G0011077.JPG,2024:03:25 16:07:50.1710,1711363070.171,15.6788539,85.86667969999999,155.78,-3.45,21.01,218.64,232,184,1982,2804,15.678445692698718,85.86632990156846,2.730224071943006,1.7494127374090453,3.24261752428899
G0011078.JPG,2024:03:25 16:07:50.6720,1711363070.672,15.6788536,85.86667919997221,156.126,-3.45,21.01,218.64,210,158,1960,2778,15.67842434268556,85.86633457367128,-4.734973363707242,0.9976195392926466,4.838927308835663
G0011079.JPG,2024:03:25 16:07:51.1720,1711363071.172,15.67885339997222,85.86667899999999,156.437,-3.45,21.01,218.64,214,135,1964,2755,15.678416759844499,85.86632415250617,-1.6850741062215562,-2.2296491093519313,2.794782620221515
G0011080.JPG,2024:03:25 16:07:51.6730,1711363071.673,15.678853199999999,85.86667869997221,156.806,-3.45,21.01,218.64,217,173,1967,2793,15.67843098920976,85.8663327155136,3.1557654288825017,1.8284314915629776,3.6471930523992246
G0011081.JPG,2024:03:25 16:07:52.1730,1711363072.173,15.6788527,85.86667839997222,157.107,-3.45,21.01,218.64,216,173,1966,2793,15.678429191894583,85.866332383687,-0.39940297319398965,-0.07099559755605464,0.4056637892005399
G0011082.JPG,2024:03:25 16:07:52.6740,1711363072.674,15.678852599999999,85.86667809999999,157.445,-3.45,21.01,218.64,228,158,1978,2778,15.678428511354483,85.86631913262424,-0.15092914584831035,-2.829458176040968,2.8334807528959116
G0011083.JPG,2024:03:25 16:07:53.1740,1711363073.174,15.678852199972221,85.86667769997221,157.751,-3.45,21.01,218.64,229,157,1979,2777,15.678427407208893,85.86631709045399,-0.24536544111906267,-0.4369303112594449,0.5011110621337626
G0011084.JPG,2024:03:25 16:07:53.6750,1711363073.675,15.678852199972221,85.86667729999999,158.072,-3.45,21.01,218.64,232,138,1982,2758,15.678420962959066,85.86630816299811,-1.4291959004505128,-1.9062519043733286,2.3825190964169614
G0011085.JPG,2024:03:25 16:07:54.1750,1711363074.175,15.678851899972221,85.86667689999999,158.362,-3.45,21.01,218.64,224,141,1974,2761,15.678417049605063,85.8663131407839,-0.86963335336916,1.0650167827073376,1.3749628783135852
G0011086.JPG,2024:03:25 16:07:54.6760,1711363074.676,15.678851599972221,85.86667659999999,158.686,-3.45,21.01,218.64,262,135,2012,2755,15.67843239724822,85.86628580575612,3.403775277297738,-5.836760721897822,6.75673455620631
G0011087.JPG,2024:03:25 16:07:55.1760,1711363075.176,15.678851199999999,85.86667629997221,158.918,-3.45,21.01,218.64,202,131,1952,2751,15.678400205947193,85.86632229430337,-7.15361529653735,7.806867819419665,10.588739158216313
G0011088.JPG,2024:03:25 16:07:55.6770,1711363075.677,15.678850899999999,85.86667589999999,159.294,-3.48,20.87,218.5,209,130,1959,2750,15.678404758581136,85.86631933089367,1.0096762139529525,-0.6327677289481884,1.191570835418783
G0011089.JPG,2024:03:25 16:07:56.1770,1711363076.177,15.678850599999999,85.86667589999999,159.638,-3.48,20.87,218.5,232,152,1982,2772,15.678423131653458,85.86631053708986,4.082900877588315,-1.8814688436634084,4.495553868644837
G0011090.JPG,2024:03:25 16:07:56.6780,1711363076.678,15.678850399972221,85.86667579997221,160.054,-3.48,20.87,218.5,227,157,1977,2777,15.67842121838315,85.86631427509118,-0.4243221716406036,0.7981638118072739,0.9039440114434717
G0011091.JPG,2024:03:25 16:07:57.1780,1711363077.178,15.6788501,85.86667559997221,160.494,-3.48,20.87,218.5,222,170,1972,2790,15.678422144416155,85.86632036263309,0.20578490642473568,1.3024534360995503,1.3186100185118277
G0011092.JPG,2024:03:25 16:07:57.6790,1711363077.679,15.678849999999999,85.86667519999999,160.963,-3.48,20.87,218.5,242,142,1992,2762,15.678420191646698,85.86629714931294,-0.43308223264210277,-4.956668169064142,4.975552186284849
G0011093.JPG,2024:03:25 16:07:58.1790,1711363078.179,15.67884989997222,85.86667489999999,161.494,-3.48,20.87,218.5,233,168,1983,2788,15.678424011380772,85.8663096581854,0.8488289453765994,2.676322255471496,2.8077057170653026
G0011094.JPG,2024:03:25 16:07:58.6800,1711363078.68,15.67884989997222,85.86667469999999,162.099,-3.48,20.87,218.5,234,167,1984,2787,15.67842253810598,85.86630712110977,-0.32674048121672117,-0.5417336178411792,0.6326410157150952
G0011095.JPG,2024:03:25 16:07:59.1800,1711363079.18,15.678849699999999,85.86667429997222,162.801,-3.48,20.87,218.5,244,121,1994,2741,15.678407947930584,85.86628390723075,-3.242257957012953,-4.966700503538611,5.9313026015930514
G0011096.JPG,2024:03:25 16:07:59.6810,1711363079.681,15.6788492,85.86667389997221,163.467,-3.48,20.87,218.5,236,151,1986,2771,15.678413119366896,85.86629681089988,1.1469132598754603,2.7552805444476838,2.984456550913429
G0011097.JPG,2024:03:25 16:08:00.1810,1711363080.181,15.678848999972221,85.86667359997222,164.172,-3.48,20.87,218.5,227,146,1977,2766,15.678404536968552,85.86629926256253,-1.907197724801179,0.5245428609128857,1.9780162725370762
G0011098.JPG,2024:03:25 16:08:00.6820,1711363080.682,15.678848799999999,85.86667339997221,164.848,-3.48,20.87,218.5,238,193,1988,2813,15.678426214345304,85.86630522973273,4.8075755624223016,1.2741513588614624,4.973554510979911
G0011099.JPG,2024:03:25 16:08:01.1820,1711363081.182,15.678848499999999,85.86667269997221,165.4,-3.48,20.87,218.5,217,114,1967,2734,15.678383095669187,85.86629193902276,-9.58191844420864,-2.84359969677882,9.994959745140864
G0011100.JPG,2024:03:25 16:08:01.6830,1711363081.683,15.678848399972221,85.86667209999999,166.174,-3.43,20.67,218.35,214,81,1964,2701,15.678369143102904,85.86628720197294,-3.0943774027291324,-1.011487280603216,3.2554996589375924
G0011101.JPG,2024:03:25 16:08:02.1830,1711363082.183,15.678847499972221,85.86667149997221,166.921,-3.43,20.67,218.35,196,137,1946,2757,15.67837900887956,85.8663151972777,2.1923926200653163,5.989706511015086,6.3783359498080205
G0011102.JPG,2024:03:25 16:08:02.6840,1711363082.684,15.678847199972221,85.86667109999999,167.684,-3.43,20.67,218.35,230,114,1980,2734,15.678385035177808,85.86628258438203,1.3365032365257663,-6.963731677225912,7.0908250418159
G0011103.JPG,2024:03:25 16:08:03.1840,1711363083.184,15.678846799999999,85.86667089999999,168.396,-3.43,20.67,218.35,206,123,1956,2743,15.678373782346616,85.8663000844606,-2.500626652992981,3.744211134936097,4.5024716190819385
G0011104.JPG,2024:03:25 16:08:03.6850,1711363083.685,15.678846599972221,85.86667079997221,169.083,-3.43,20.67,218.35,223,132,1973,2752,15.678384112016792,85.8662897634365,2.2908985007623572,-2.203816684381308,3.1788400272981083
G0011105.JPG,2024:03:25 16:08:04.1850,1711363084.185,15.678846199999999,85.8666707,169.745,-3.43,20.67,218.35,199,143,1949,2763,15.67837375392922,85.8663082673927,-2.3017949363494807,3.9589947394652367,4.579508628239227
G0011106.JPG,2024:03:25 16:08:04.6860,1711363084.686,15.678846199999999,85.8666707,170.442,-3.43,20.67,218.35,211,158,1961,2778,15.67838412099104,85.86630342710794,2.2991900686989175,-1.0335306966302,2.5208055603081805
G0011107.JPG,2024:03:25 16:08:05.1860,1711363085.186,15.678845899999999,85.86667059999999,171.085,-3.43,20.67,218.35,221,144,1971,2764,15.678381715797814,85.86629041057083,-0.5344868492474042,-2.784939630608742,2.835765317891023
G0011108.JPG,2024:03:25 16:08:05.6870,1711363085.687,15.67884579997222,85.86666999997222,171.798,-3.43,20.67,218.35,218,135,1968,2755,15.678374452104372,85.86628732426158,-1.6109308559372901,-0.6590101694197839,1.7405150461887833
G0011109.JPG,2024:03:25 16:08:06.1870,1711363086.187,15.67884579997222,85.86666969999999,172.49,-3.43,20.67,218.35,207,151,1957,2771,15.678373209352355,85.8662984809626,-0.2761668386884608,2.387020444794988,2.4029429303794214
G0011110.JPG,2024:03:25 16:08:06.6880,1711363086.688,15.67884579997222,85.86666909997221,173.207,-3.36,20.26,218.29,204,116,1954,2736,15.678363785889848,85.86629717845658,-2.089921145739662,-0.2781201379330896,2.108345608891887
G0011111.JPG,2024:03:25 16:08:07.1880,1711363087.188,15.6788457,85.86666879997222,173.884,-3.36,20.26,218.29,230,95,1980,2715,15.678367089265022,85.86627002406044,0.7340826377838283,-5.809791020401998,5.855984035142117
G0011112.JPG,2024:03:25 16:08:07.6890,1711363087.689,15.67884549997222,85.86666869999999,174.538,-3.36,20.26,218.29,216,139,1966,2759,15.678375659707186,85.86629315236607,1.900739594897552,4.938516487269318,5.291668555629896
G0011113.JPG,2024:03:25 16:08:08.1890,1711363088.189,15.678845199972221,85.86666839997221,175.243,-3.36,20.26,218.29,220,133,1970,2753,15.67837314632914,85.86628648273916,-0.5585278961674831,-1.4269931340914845,1.5324042598288197
G0011114.JPG,2024:03:25 16:08:08.6900,1711363088.69,15.678844699999999,85.86666829999999,175.872,-3.36,20.26,218.29,225,142,1975,2762,15.678377363573528,85.86628449741535,0.9352935848989,-0.4239199210254467,1.026879832013102
G0011115.JPG,2024:03:25 16:08:09.1900,1711363089.19,15.678844399972222,85.86666779999999,176.558,-3.36,20.26,218.29,221,158,1971,2778,15.678379680396734,85.86629076556945,0.514849086521977,1.3410964051919767,1.436526766166004
G0011116.JPG,2024:03:25 16:08:09.6910,1711363089.691,15.6788445,85.86666739997221,177.22,-3.36,20.26,218.29,241,62,1991,2682,15.678348858125542,85.86624160900101,-6.835716307158629,-10.496252342837327,12.525906381434936
G0011117.JPG,2024:03:25 16:08:10.1910,1711363090.191,15.678844099972222,85.86666709999999,177.954,-3.36,20.26,218.29,206,107,1956,2727,15.678346185729938,85.86628046267634,-0.5938650959929639,8.31289905140908,8.334084616270506
G0011118.JPG,2024:03:25 16:08:10.6920,1711363090.692,15.678843399972221,85.86666719997221,178.622,-3.36,20.26,218.29,192,145,1942,2765,15.678351938800278,85.86630221776906,1.2759071677402165,4.645299034818865,4.817337669665677
G0011119.JPG,2024:03:25 16:08:11.1920,1711363091.192,15.678842999999999,85.86666729999999,179.251,-3.36,20.26,218.29,213,158,1963,2778,15.678366798221889,85.86629029682781,3.3020903893264517,-2.5505328539170797,4.172411626169273
G0011120.JPG,2024:03:25 16:08:11.6930,1711363091.693,15.678842699999999,85.86666719997221,179.959,-3.36,20.26,218.29,209,157,1959,2777,15.678361991692931,85.86629126604008,-1.0659841560056817,0.20695284462830238,1.0858875175426284
G0011121.JPG,2024:03:25 16:08:12.1930,1711363092.193,15.678842599972223,85.86666719997221,180.614,-3.36,20.26,218.29,227,141,1977,2761,15.678363348845844,85.8662712417331,0.301589234569942,-4.284280153343301,4.294882128620037
G0011122.JPG,2024:03:25 16:08:12.6940,1711363092.694,15.6788425,85.86666679999999,181.303,-3.36,20.26,218.29,193,165,1943,2785,15.678352715906637,85.86630249688093,-2.358157044081414,6.673816726994158,7.0781872220264
G0011123.JPG,2024:03:25 16:08:13.1940,1711363093.194,15.678842399999999,85.86666649997221,182.061,-3.36,20.26,218.29,231,122,1981,2742,15.678353431455044,85.86625775557982,0.1590105979458727,-9.572579845720185,9.573900421090006
G0011124.JPG,2024:03:25 16:08:13.6950,1711363093.695,15.678842099999999,85.86666629999999,182.765,-3.36,20.26,218.29,217,187,1967,2807,15.678371145358126,85.86628905180493,3.9285624153669434,6.682587692579723,7.751811460584664
G0011125.JPG,2024:03:25 16:08:14.1950,1711363094.195,15.678842099999999,85.86666609999999,183.439,-3.36,20.26,218.29,211,178,1961,2798,15.678362206003161,85.86628874975897,-1.9865213389677585,-0.06462393403525735,1.9875722082541931
G0011126.JPG,2024:03:25 16:08:14.6960,1711363094.696,15.6788422,85.86666569997222,184.16,-3.36,20.26,218.29,226,129,1976,2749,15.678347791565189,85.86625846029,-3.1968105529815367,-6.467615272104326,7.214543992492612
G0011127.JPG,2024:03:25 16:08:15.1960,1711363095.196,15.6788425,85.86666539999999,184.87,-3.36,20.26,218.29,241,154,1991,2774,15.678365517583227,85.86625427269247,3.9391111805046073,-0.8959531792312193,4.039718924845011
G0011128.JPG,2024:03:25 16:08:15.6970,1711363095.697,15.678842999999999,85.86666509999999,185.597,-3.36,20.26,218.29,232,128,1982,2748,15.67834772107592,85.86624981521042,-3.946882254583598,-0.9517926015486116,4.060023237360789
G0011129.JPG,2024:03:25 16:08:16.1970,1711363096.197,15.678842899972222,85.86666489999999,186.302,-3.36,20.26,218.29,232,140,1982,2760,15.678350980375068,85.86625234683937,0.724287975443417,0.5416521226036639,0.9044225192314588
G0011130.JPG,2024:03:25 16:08:16.6980,1711363096.698,15.678842599972223,85.8666647,186.972,-3.42,19.72,218.29,221,171,1971,2791,15.678371377540667,85.86628007503312,4.5236522849587475,5.9207168481408905,7.451061534511166
G0011131.JPG,2024:03:25 16:08:17.1980,1711363097.198,15.678842799972221,85.86666449997222,187.679,-3.42,19.72,218.29,209,135,1959,2755,15.67834722742548,85.86627464380948,-5.36668689722724,-1.1620319278082356,5.491051488933268
G0011132.JPG,2024:03:25 16:08:17.6990,1711363097.699,15.67884229997222,85.86666429997221,188.322,-3.42,19.72,218.29,231,120,1981,2740,15.678351123056986,85.86625099690843,0.8639672153944213,-5.049251131730818,5.122633730861629
G0011133.JPG,2024:03:25 16:08:18.1990,1711363098.199,15.6788419,85.86666419999999,189.026,-3.42,19.72,218.29,202,150,1952,2770,15.678345333299726,85.86628225203417,-1.286611437895786,6.687158986267709,6.809806480344742
G0011134.JPG,2024:03:25 16:08:18.7000,1711363098.7,15.6788413,85.86666409997221,189.714,-3.42,19.72,218.29,217,150,1967,2770,15.678351616981507,85.8662693215851,1.3935847008629345,-2.760998308401904,3.0927641322088255
G0011135.JPG,2024:03:25 16:08:19.2000,1711363099.2,15.678841199999999,85.866664,190.394,-3.42,19.72,218.29,215,137,1965,2757,15.678342839430075,85.86626462839729,-1.9505650344018122,-1.0041262806901416,2.1938490242046194
G0011136.JPG,2024:03:25 16:08:19.7010,1711363099.701,15.678840699999999,85.86666389999999,191.095,-3.42,19.72,218.29,199,159,1949,2779,15.678340947442507,85.8662833267275,-0.41960211781510476,3.9925979378284926,4.014586433298859
G0011137.JPG,2024:03:25 16:08:20.2010,1711363100.201,15.678840599972222,85.86666369999999,191.795,-3.42,19.72,218.29,197,155,1947,2775,15.67833606353249,85.86628182290845,-1.0853122519619767,-0.3217481073908351,1.1320002335990755
G0011138.JPG,2024:03:25 16:08:20.7020,1711363100.702,15.678841,85.86666389999999,192.48,-3.42,19.72,218.29,228,146,1978,2766,15.678348861780728,85.86625337874158,2.8383759796468047,-6.073596969074705,6.704100114451559
G0011139.JPG,2024:03:25 16:08:21.2020,1711363101.202,15.678841099972221,85.86666389999999,193.23,-3.42,19.72,218.29,217,163,1967,2783,15.67834816924089,85.86626657437779,-0.15389758805984144,2.823259068448117,2.827450483241955
G0011140.JPG,2024:03:25 16:08:21.7030,1711363101.703,15.678841099972221,85.86666379997222,193.925,-3.42,19.72,218.29,217,158,1967,2778,15.67834414869649,85.86626320587608,-0.8916697818872463,-0.7192656319756926,1.1456081569508145
G0011141.JPG,2024:03:25 16:08:22.2030,1711363102.203,15.678841099972221,85.8666635,194.593,-3.42,19.72,218.29,217,142,1967,2762,15.6783352039916,85.86625560673372,-1.9877102103841864,-1.6258669285422032,2.567963229836596
G0011142.JPG,2024:03:25 16:08:22.7040,1711363102.704,15.678840899999999,85.86666319999999,195.231,-3.42,19.72,218.29,200,155,1950,2775,15.678329111632422,85.86627213000017,-1.3511541286675777,3.528163315981216,3.778035714978223
G0011143.JPG,2024:03:25 16:08:23.2040,1711363103.204,15.678840799972221,85.8666628,195.936,-3.42,19.72,218.29,221,150,1971,2770,15.67833745197264,85.86625192153967,1.8534070838292642,-4.323681154342127,4.704182877270161
G0011144.JPG,2024:03:25 16:08:23.7050,1711363103.705,15.678840299972222,85.86666249999999,196.597,-3.42,19.72,218.29,210,143,1960,2763,15.678325445106656,85.86625631887445,-2.6628644296726844,0.9389496530341785,2.8235568741835246
G0011145.JPG,2024:03:25 16:08:24.2050,1711363104.205,15.678839999972222,85.86666209997222,197.308,-3.42,19.72,218.29,202,161,1952,2781,15.678326720894361,85.86626752333831,0.2835080953389699,2.3972400544180124,2.4139462957217597
G0011146.JPG,2024:03:25 16:08:24.7060,1711363104.706,15.678839599972221,85.86666169997221,197.976,-3.42,19.72,218.29,218,138,1968,2758,15.678323671010581,85.8662444093692,-0.6763982524150463,-4.935454021427794,4.981588199911541
G0011147.JPG,2024:03:25 16:08:25.2060,1711363105.206,15.678839299972221,85.86666139997222,198.693,-3.42,19.72,218.29,210,151,1960,2771,15.678322653728536,85.86625390695256,-0.22606245066356223,2.0320461442273823,2.044582051146245
G0011148.JPG,2024:03:25 16:08:25.7070,1711363105.707,15.678838899999999,85.86666089997222,199.383,-3.17,19.49,218.23,211,171,1961,2791,15.67833115248842,85.86627126511587,1.8848420082141386,3.7064364214282812,4.158160692183359
G0011149.JPG,2024:03:25 16:08:26.2070,1711363106.207,15.678839199999999,85.86666079999999,200.0,-3.42,19.72,218.29,201,141,1951,2761,15.6783090017748,85.86625406994092,-4.922375882210556,-3.678976866393694,6.1452953638721155
G0011150.JPG,2024:03:25 16:08:26.7080,1711363106.708,15.678839399972222,85.86666049997221,200.677,-3.17,19.49,218.23,212,126,1962,2746,15.678307990344573,85.86625048270736,-0.22431345344316395,-0.765971266697836,0.7981406560264211
G0011151.JPG,2024:03:25 16:08:27.2080,1711363107.208,15.678839099972222,85.86666029999999,201.319,-3.17,19.49,218.23,197,124,1947,2744,15.678295835609893,85.86626037372572,-2.701049450076958,2.116223364924238,3.4313363959268557
G0011152.JPG,2024:03:25 16:08:27.7090,1711363107.709,15.678838599999999,85.86666009999999,202.018,-3.17,19.49,218.23,200,135,1950,2755,15.678300486924165,85.86626054358051,1.0315608960978178,0.03626856966628635,1.0321982810990198
G0011153.JPG,2024:03:25 16:08:28.2090,1711363108.209,15.67883849997222,85.86666019997222,202.662,-3.17,19.49,218.23,196,144,1946,2764,15.67830045289944,85.86626606677825,-0.0075610422992404835,1.181710493627609,1.181734682621382
G0011154.JPG,2024:03:25 16:08:28.7100,1711363108.71,15.678837999999999,85.86665989999999,203.395,-3.17,19.49,218.23,195,158,1945,2778,15.678304010668112,85.866270509078,0.7890365111110051,0.9485510250408395,1.23382643146119
G0011155.JPG,2024:03:25 16:08:29.2100,1711363109.21,15.6788381,85.86665969997222,204.126,-3.17,19.49,218.23,193,132,1943,2752,15.678288587759745,85.86626056691298,-3.427309543201023,-2.1271664573875264,4.033768441835922
G0011156.JPG,2024:03:25 16:08:29.7110,1711363109.711,15.6788378,85.86665959999999,204.839,-3.17,19.49,218.23,210,125,1960,2745,15.67829364047063,85.86624234149318,1.1205825155503857,-3.8916197773181236,4.049741925773887
G0011157.JPG,2024:03:25 16:08:30.2110,1711363110.211,15.678836899999999,85.86665929997221,205.561,-3.17,19.49,218.23,195,139,1945,2759,15.678288135185074,85.86625841962719,-1.2233955666986311,3.4399819550919815,3.6510508848790804
G0011158.JPG,2024:03:25 16:08:30.7120,1711363110.712,15.678836499972222,85.8666592,206.225,-3.17,19.49,218.23,217,141,1967,2761,15.678300750578655,85.86623955697185,2.7978227524930177,-4.0276867223283235,4.904087324629067
G0011159.JPG,2024:03:25 16:08:31.2120,1711363111.212,15.678836099972221,85.86665899997222,206.902,-3.17,19.49,218.23,172,142,1922,2762,15.678270719414835,85.86627578292244,-6.673585286543521,7.750689191967892,10.22789927244388
G0011160.JPG,2024:03:25 16:08:31.7130,1711363111.713,15.678835599972222,85.86665899997222,207.615,-3.17,19.49,218.23,194,159,1944,2779,15.678290382306303,85.86626275215967,4.360804012503726,-2.7824189042585386,5.172858648198681
G0011161.JPG,2024:03:25 16:08:32.2130,1711363112.213,15.678835299972222,85.86665879997221,208.363,-3.17,19.49,218.23,210,164,1960,2784,15.678300674860575,85.86624971000265,2.2872319954289395,-2.7904223066654392,3.608030882690712
G0011162.JPG,2024:03:25 16:08:32.7140,1711363112.714,15.678835099999999,85.86665829997222,209.077,-3.31,19.38,218.2,224,152,1974,2772,15.678307749106217,85.86623023864139,1.5689154117968074,-4.15766168848917,4.4438323871748535
G0011163.JPG,2024:03:25 16:08:33.2140,1711363113.214,15.678835399999999,85.866658,209.779,-3.31,19.38,218.2,205,137,1955,2757,15.678286844623386,85.86623858265965,-4.645435983667298,1.7852364777674459,4.976660000432265
G0011164.JPG,2024:03:25 16:08:33.7150,1711363113.715,15.6788349,85.86665739997221,210.546,-3.31,19.38,218.2,210,111,1960,2731,15.67827478207691,85.86622184333844,-2.675213164531825,-3.574297736720904,4.4645682642796
G0011165.JPG,2024:03:25 16:08:34.2150,1711363114.215,15.6788343,85.8666568,211.292,-3.31,19.38,218.2,207,135,1957,2755,15.678282091607894,85.86623186001859,1.624338594336539,2.143109458289979,2.689125140127021
G0011166.JPG,2024:03:25 16:08:34.7160,1711363114.716,15.678834,85.86665659997222,211.984,-3.36,19.33,218.14,203,118,1953,2738,15.678271150700178,85.86622723848447,-2.4264566757811386,-0.9868220583896272,2.61944837215151
G0011167.JPG,2024:03:25 16:08:35.2160,1711363115.216,15.678833799972221,85.86665629999999,212.708,-3.36,19.33,218.14,213,128,1963,2748,15.678280461120124,85.86622092029206,2.068980141266241,-1.3518029799811737,2.471446969214605
G0011168.JPG,2024:03:25 16:08:35.7170,1711363115.717,15.678833599999999,85.86665599999999,213.399,-3.36,19.33,218.14,213,122,1963,2742,15.678275480338336,85.8662167826642,-1.1046301904127827,-0.8834954504026185,1.4144865034539942
G0011169.JPG,2024:03:25 16:08:36.2170,1711363116.217,15.678833499972221,85.86665579999999,214.124,-3.36,19.33,218.14,214,106,1964,2726,15.678266136456445,85.86620772675192,-2.0764161214583687,-1.9375493355972488,2.8400002354446303
G0011170.JPG,2024:03:25 16:08:36.7180,1711363116.718,15.678832899972221,85.86665579999999,214.761,-3.36,19.33,218.14,207,137,1957,2757,15.678274800008564,85.86622505692144,1.9213893788100826,3.700460014185609,4.169549311567229
G0011171.JPG,2024:03:25 16:08:37.2180,1711363117.218,15.678832199999999,85.86665549997221,215.497,-3.36,19.33,218.14,188,158,1938,2778,15.678270273334741,85.86624822056135,-1.0059265103691857,4.955955113708848,5.057012876527052
G0011172.JPG,2024:03:25 16:08:37.7190,1711363117.719,15.678831999972221,85.86665509999999,216.212,-3.36,19.33,218.14,206,146,1956,2766,15.678273994049105,85.8662259807535,0.8251739656442807,-4.748798317729054,4.8199582504460965
G0011173.JPG,2024:03:25 16:08:38.2190,1711363118.219,15.678831799972222,85.86665499997221,216.855,-3.36,19.33,218.14,193,135,1943,2755,15.67825802490778,85.8662314540272,-3.548694523489768,1.1710292410525838,3.7369161489718317
G0011174.JPG,2024:03:25 16:08:38.7200,1711363118.72,15.678831599999999,85.86665479999999,217.51,-3.36,19.33,218.14,191,128,1941,2748,15.678251219925746,85.86622886206476,-1.5091985392233702,-0.5534541432152486,1.607479928159627
G0011175.JPG,2024:03:25 16:08:39.2200,1711363119.22,15.678831399972221,85.86665469997222,218.192,-3.36,19.33,218.14,222,134,1972,2754,15.678272814977891,85.86620265993251,4.798895677703602,-5.606053215293882,7.3795143727883055
G0011176.JPG,2024:03:25 16:08:39.7210,1711363119.721,15.67883119997222,85.86665429997221,218.88,-3.36,19.33,218.14,200,128,1950,2748,15.678253151448216,85.86621774924734,-4.360947628479474,3.221977036719994,5.422084492470742
G0011177.JPG,2024:03:25 16:08:40.2210,1711363120.221,15.6788308,85.86665399997221,219.517,-3.36,19.33,218.14,183,121,1933,2741,15.678236138397942,85.86622831072229,-3.780674057869323,2.259670895890417,4.404498710361974
G0011178.JPG,2024:03:25 16:08:40.7220,1711363120.722,15.6788305,85.86665389999999,220.194,-3.26,19.09,218.08,195,114,1945,2734,15.678243152958018,85.8662229852204,1.5556784378202504,-1.1371388926351007,1.9269717857410984
G0011179.JPG,2024:03:25 16:08:41.2220,1711363121.222,15.678830399999999,85.86665409999999,220.844,-3.26,19.09,218.08,204,124,1954,2744,15.678252498712853,85.86621805694881,2.0768323309235335,-1.054423909961821,2.329172022987665
G0011180.JPG,2024:03:25 16:08:41.7230,1711363121.723,15.6788296,85.86665389999999,221.517,-3.26,19.09,218.08,212,140,1962,2760,15.67826354695123,85.86621605343947,2.450260294945341,-0.4278032657648473,2.4873261039085124
G0011181.JPG,2024:03:25 16:08:42.2230,1711363122.223,15.678828999999999,85.86665389999999,222.188,-3.26,19.09,218.08,184,145,1934,2765,15.678244973715136,85.86624179397626,-4.127381671280737,5.507293190054515,6.882263998252683
G0011182.JPG,2024:03:25 16:08:42.7240,1711363122.724,15.678828599972222,85.8666537,222.81,-3.26,19.09,218.08,180,168,1930,2788,15.678252126767017,85.86625352739027,1.5863929390920655,2.5054015781163534,2.965413904470854
G0011183.JPG,2024:03:25 16:08:43.2240,1711363123.224,15.678828299972222,85.86665359999999,223.482,-3.26,19.09,218.08,181,163,1931,2783,15.678248176528056,85.86624925558297,-0.8778300023526562,-0.9139706726908696,1.2672521073446534
G0011184.JPG,2024:03:25 16:08:43.7250,1711363123.725,15.678827899972221,85.86665279997221,224.213,-3.26,19.09,218.08,158,158,1908,2778,15.67822771211392,85.86626569668051,-4.5385665630438226,3.510619656405673,5.737859951159605
G0011185.JPG,2024:03:25 16:08:44.2250,1711363124.225,15.678827999972222,85.8666525,224.901,-3.26,19.09,218.08,172,142,1922,2762,15.678227112059593,85.8662449338267,-0.1333452724829165,-4.4422981298883615,4.444299003949125
G0011186.JPG,2024:03:25 16:08:44.7260,1711363124.726,15.678828199972221,85.86665229997222,225.6,-3.26,19.09,218.08,193,135,1943,2755,15.678236106455786,85.86622150198735,1.9947625237727984,-5.003330161366564,5.386315088248067
G0011187.JPG,2024:03:25 16:08:45.2260,1711363125.226,15.678828199972221,85.86665219999999,226.263,-3.26,19.09,218.08,183,133,1933,2753,15.678226461617617,85.86622838273263,-2.143295227593633,1.4721637771964982,2.600188573837502
G0011188.JPG,2024:03:25 16:08:45.7270,1711363125.727,15.678827999972222,85.86665199999999,226.91,-3.26,19.09,218.08,184,125,1934,2745,15.678220996830891,85.86622266790137,-1.211972067431575,-1.2202713536239578,1.719865828694091
G0011189.JPG,2024:03:25 16:08:46.2270,1711363126.227,15.678827599972221,85.86665179997222,227.582,-3.26,19.09,218.08,202,138,1952,2758,15.678238095979045,85.86621026215342,3.7998069011419737,-2.6542608671740875,4.635044038299735
G0011190.JPG,2024:03:25 16:08:46.7280,1711363126.728,15.67882709997222,85.86665149999999,228.253,-3.29,18.93,218.02,166,189,1916,2809,15.678243362491212,85.8662669024945,1.167999037968905,12.094246842646415,12.150515562870535
G0011191.JPG,2024:03:25 16:08:47.2280,1711363127.228,15.678827,85.86665119999999,228.938,-3.29,18.93,218.02,165,125,1915,2745,15.678206843539295,85.86623935020343,-8.115314533029728,-5.8949262766868555,10.030378147287204
G0011192.JPG,2024:03:25 16:08:47.7290,1711363127.729,15.67882679997222,85.86665099999999,229.584,-3.29,18.93,218.02,184,134,1934,2754,15.678222879019545,85.86622430683175,3.556322666583462,-3.2121661588648345,4.7922272839475974
G0011193.JPG,2024:03:25 16:08:48.2290,1711363128.229,15.67882679997222,85.86665089997221,230.314,-3.29,18.93,218.02,182,147,1932,2767,15.678226522143035,85.86623026099097,0.8095821881933638,1.2739169175726142,1.5093997589497838
G0011194.JPG,2024:03:25 16:08:48.7300,1711363128.73,15.678826599999999,85.86665049999999,231.041,-3.38,18.78,218.06,202,147,1952,2767,15.678245621491934,85.86621062321016,4.235824476072769,-4.193198159080455,5.960295277367797
G0011195.JPG,2024:03:25 16:08:49.2300,1711363129.23,15.678826299999999,85.86665029999999,231.731,-3.38,18.78,218.06,181,151,1931,2771,15.678231041545539,85.8662303245098,-3.2399848478092395,4.215174014834577,5.316502025709208
G0011196.JPG,2024:03:25 16:08:49.7310,1711363129.731,15.678825999999999,85.86664989997222,232.433,-3.38,18.78,218.06,177,143,1927,2763,15.678221831579195,85.86622892858695,-2.042572292255331,-0.29806735610662677,2.064205832242897
G0011197.JPG,2024:03:25 16:08:50.2310,1711363130.231,15.678825899972221,85.86664949997221,233.123,-3.38,18.78,218.06,173,99,1923,2719,15.678193254432403,85.86621193463841,-6.350470714620883,-3.6359256700163045,7.31767953487586
G0011198.JPG,2024:03:25 16:08:50.7320,1711363130.732,15.678825399972222,85.86664919997222,233.787,-3.38,18.78,218.06,177,85,1927,2705,15.678186124648349,85.86620049630896,-1.5812318834631574,-2.4423925767224954,2.9095662508541706
G0011199.JPG,2024:03:25 16:08:51.2320,1711363131.232,15.678824699972221,85.86664899997221,234.446,-3.38,18.78,218.06,181,155,1931,2775,15.678224634291794,85.86622584058408,8.557689985779234,5.422512682730346,10.131026684748079
G0011200.JPG,2024:03:25 16:08:51.7330,1711363131.733,15.678824299999999,85.86664909999999,235.13,-3.38,18.78,218.06,196,106,1946,2726,15.678206419206093,85.86618908141706,-4.039713932396125,-7.849078695470783,8.827645497146376
G0011201.JPG,2024:03:25 16:08:52.2330,1711363132.233,15.67882359997222,85.86664899997221,235.812,-3.38,18.78,218.06,194,168,1944,2788,15.67823634571967,85.86621679221216,6.650329700015561,5.928838973860966,8.909434140105747
G0011202.JPG,2024:03:25 16:08:52.7340,1711363132.734,15.6788226,85.86664859999999,236.358,-3.38,18.78,218.06,171,165,1921,2785,15.678215976761392,85.86623580206971,-4.517396508334914,4.059119731442532,6.073164266484365
G0011203.JPG,2024:03:25 16:08:53.2340,1711363133.234,15.678822199999999,85.8666482,236.85,-3.48,18.25,218.06,193,144,1943,2764,15.678238360153719,85.86621528010134,4.9740822097318045,-4.390759702328042,6.634776906027683
G0011204.JPG,2024:03:25 16:08:53.7350,1711363133.735,15.678821899999999,85.86664799997222,237.248,-3.48,18.25,218.06,175,143,1925,2763,15.678223688173283,85.8662309681417,-3.25392944921747,3.3498216645418806,4.670049469193966
G0011205.JPG,2024:03:25 16:08:54.2350,1711363134.235,15.678821599972222,85.86664759997221,237.549,-3.48,18.25,218.06,188,145,1938,2765,15.678233008664712,85.86621858623096,2.0712182464065734,-2.6491608150873525,3.3627366903226017
G0011206.JPG,2024:03:25 16:08:54.7360,1711363134.736,15.678821499972221,85.86664719999999,237.797,-3.48,18.25,218.06,201,113,1951,2733,15.67822408788441,85.86619123898383,-1.9784361116472908,-5.839375491262686,6.165429066644866
G0011207.JPG,2024:03:25 16:08:55.2360,1711363135.236,15.678821299972222,85.86664669999999,238.068,-3.48,18.25,218.06,177,132,1927,2752,15.678216422316074,85.86622149291566,-1.7034579264866316,6.472953608709113,6.69334724392889
G0011208.JPG,2024:03:25 16:08:55.7370,1711363135.737,15.678820899972221,85.86664639997221,238.315,-3.15,17.54,217.99,203,101,1953,2721,15.678231915694147,85.86621254762254,3.436097764489946,-1.9100625057876468,3.9312983381000977
G0011209.JPG,2024:03:25 16:08:56.2370,1711363136.237,15.678820399972222,85.86664609997221,238.581,-3.09,16.68,218.03,181,120,1931,2740,15.678252434430012,85.8662651104198,4.559714521602842,11.246026257588559,12.135242193911383
G0011210.JPG,2024:03:25 16:08:56.7380,1711363136.738,15.6788197,85.86664589997221,238.814,-3.09,16.68,218.03,175,129,1925,2749,15.678251785499473,85.86627412110887,-0.14391882556573948,1.9240260504235829,1.9294011690316748
G0011211.JPG,2024:03:25 16:08:57.2380,1711363137.238,15.67881919997222,85.86664559997222,239.08,-3.09,16.68,218.03,155,125,1905,2745,15.678234226712544,85.86629062968922,-3.9019487490091507,3.532078521969303,5.263153306265259
G0011212.JPG,2024:03:25 16:08:57.7390,1711363137.739,15.678818899972221,85.86664539997221,239.34,-3.09,16.68,218.03,187,123,1937,2743,15.678255044710266,85.86625880222505,4.6169815943415795,-6.796022236442856,8.215986689419273
G0011213.JPG,2024:03:25 16:08:58.2390,1711363138.239,15.678818399999999,85.86664529999999,239.54,-3.09,16.68,218.03,170,130,1920,2750,15.678245731727584,85.86627757223627,-2.0695496375414884,4.015920795044094,4.5178153497366065
G0011214.JPG,2024:03:25 16:08:58.7400,1711363138.74,15.678817999972221,85.86664529999999,239.738,-3.09,16.68,218.03,178,131,1928,2751,15.678251120832131,85.86627009965352,1.1951873892295581,-1.5955987413016064,1.993591793376126
G0011215.JPG,2024:03:25 16:08:59.2400,1711363139.24,15.678817699972221,85.86664509997222,239.937,-3.09,16.68,218.03,169,132,1919,2752,15.678244456658069,85.86627858130745,-1.4809260884869175,1.8146846288260912,2.3422686399426627
G0011216.JPG,2024:03:25 16:08:59.7410,1711363139.741,15.678817399972221,85.86664489997221,240.138,-3.09,16.68,218.03,165,134,1915,2754,15.678241904056067,85.86628274714244,-0.5661121797407915,0.8895185831177687,1.0543843273506643
G0011217.JPG,2024:03:25 16:09:00.2410,1711363140.241,15.678816899972222,85.86664469997221,240.358,-3.09,16.68,218.03,170,128,1920,2748,15.678241184596992,85.86627484682278,-0.15987963465947175,-1.6903058289340074,1.6978501974282443
G0011218.JPG,2024:03:25 16:09:00.7420,1711363140.742,15.678816799972221,85.86664439997222,240.548,-3.09,16.68,218.03,177,125,1927,2745,15.678244012479526,85.86626627016823,0.6271631780527986,-1.8313471445085843,1.9357598031793697
G0011219.JPG,2024:03:25 16:09:01.2420,1711363141.242,15.678816499972221,85.86664419997221,240.753,-3.09,16.68,218.03,166,125,1916,2745,15.678235326382557,85.86627625004596,-1.9302418406010844,2.135235836591398,2.878378995384595
G0011220.JPG,2024:03:25 16:09:01.7430,1711363141.743,15.678816199972221,85.86664389997222,240.951,-3.09,16.68,218.03,170,124,1920,2744,15.678236874667789,85.86627138985085,0.34337633783148336,-1.037783309736604,1.0931155050361427
G0011221.JPG,2024:03:25 16:09:02.2430,1711363142.243,15.6788159,85.86664369997222,241.145,-3.09,16.68,218.03,176,122,1926,2742,15.678239328230564,85.86626427656314,0.5452356270245318,-1.5219171372722349,1.616636527392521
G0011222.JPG,2024:03:25 16:09:02.7440,1711363142.744,15.6788156,85.8666434,241.333,-3.09,16.68,218.03,181,120,1931,2740,15.678241083051047,85.86625801579301,0.38918141090041225,-1.3368439911034489,1.3923412035632048
G0011223.JPG,2024:03:25 16:09:03.2440,1711363143.244,15.678815199999999,85.86664309999999,241.472,-2.83,15.9,218.06,174,126,1924,2746,15.678258067486569,85.86629539570883,3.7743152305709984,7.997586154034731,8.8434631084733
G0011224.JPG,2024:03:25 16:09:03.7450,1711363143.745,15.678814899999999,85.86664289999999,241.542,-2.83,15.9,218.06,182,124,1932,2744,15.678262264599407,85.8662865936542,0.9308292855822415,-1.8794768768588244,2.09734987294551
G0011225.JPG,2024:03:25 16:09:04.2450,1711363144.245,15.678814199972221,85.86664259999999,241.54,-2.83,15.9,218.06,179,131,1929,2751,15.67826322073392,85.86629219882207,0.2124741235276737,1.1992485557519283,1.217925429425767
G0011226.JPG,2024:03:25 16:09:04.7460,1711363144.746,15.678813799999999,85.8666422,241.5,-2.83,15.9,218.06,158,117,1908,2737,15.67824021135806,85.86630581338738,-5.102981864807692,2.9070768862363208,5.872948146803754
G0011227.JPG,2024:03:25 16:09:05.2460,1711363145.246,15.678812999972221,85.86664169999999,241.453,-2.44,14.83,218.08,161,125,1911,2745,15.67827154813446,85.8663460677162,6.9637211248631345,8.612578324029233,11.07564523142572
G0011228.JPG,2024:03:25 16:09:05.7470,1711363145.747,15.678812399972221,85.86664139999999,241.387,-2.44,14.83,218.08,138,111,1888,2731,15.678247105157137,85.86636167041792,-5.420926239819391,3.3315990906251183,6.362860504381383
G0011229.JPG,2024:03:25 16:09:06.2470,1711363146.247,15.67881189997222,85.86664129997222,241.363,-2.44,14.83,218.08,162,100,1912,2720,15.678257860594151,85.86633411742488,2.3900947241025463,-5.8950756731013785,6.361168916305752
G0011230.JPG,2024:03:25 16:09:06.7480,1711363146.748,15.678811399999999,85.86664129997222,241.291,-2.44,14.83,218.08,156,144,1906,2764,15.67827697170616,85.86635870504477,4.238433280582891,5.250122079962288,6.747451261658744
G0011231.JPG,2024:03:25 16:09:07.2480,1711363147.248,15.6788109,85.86664129997222,241.25,-2.44,14.83,218.08,142,143,1892,2763,15.678266046806652,85.86637156151961,-2.427753018403177,2.7506951754900353,3.6688293319299947
G0011232.JPG,2024:03:25 16:09:07.7490,1711363147.749,15.678810399972221,85.86664129997222,241.234,-2.44,14.83,218.08,171,144,1921,2764,15.67828679424592,85.86634458539987,4.601333255602667,-5.760128425310727,7.372336617734413
G0011233.JPG,2024:03:25 16:09:08.2490,1711363148.249,15.678809999999999,85.86664109997221,241.232,-2.44,14.83,218.08,167,148,1917,2768,15.6782856930229,85.86634987771366,-0.24471598202327982,1.132312016531909,1.1584543213438225
G0011234.JPG,2024:03:25 16:09:08.7500,1711363148.75,15.678809799972221,85.86664069999999,241.254,-2.21,13.35,218.29,179,148,1929,2768,15.678336778278029,85.86638144772263,11.329609987472393,6.741049614631066,13.183391535380865
G0011235.JPG,2024:03:25 16:09:09.2500,1711363149.25,15.678809399999999,85.86664039997221,241.236,-2.21,13.35,218.29,174,130,1924,2750,15.678323338492,85.86637822167552,-2.9866161309293524,-0.6902257263599167,3.065336436161044
G0011236.JPG,2024:03:25 16:09:09.7510,1711363149.751,15.678808999972222,85.86664009997222,241.237,-2.21,13.35,218.29,162,137,1912,2757,15.678318090516935,85.86639214497866,-1.163887907637504,2.9730011485012287,3.192705888511253
G0011237.JPG,2024:03:25 16:09:10.2510,1711363150.251,15.678808699972222,85.86663959997222,241.246,-2.21,13.35,218.29,168,136,1918,2756,15.678321517193776,85.86638558541972,0.7614829809485286,-1.4034440301495923,1.5967189721540815
G0011238.JPG,2024:03:25 16:09:10.7520,1711363150.752,15.67880839997222,85.86663929999999,241.238,-2.21,13.35,218.29,171,142,1921,2762,15.678326542854327,85.86638502269226,1.1145828034130447,-0.12015744813438232,1.1210408725850494
G0011239.JPG,2024:03:25 16:09:11.2520,1711363151.252,15.67880809997222,85.86663889997222,241.263,-2.21,13.35,218.29,162,138,1912,2758,15.678317666799856,85.86639134151922,-1.9724545766488468,1.3519384394672378,2.391299772310467
G0011240.JPG,2024:03:25 16:09:11.7530,1711363151.753,15.678807599999999,85.86663839997222,241.264,-2.0,12.56,218.32,193,141,1943,2761,15.678360882678383,85.86638959003535,9.584351644136767,-0.37398906093033807,9.591645544752094
